anchor_timestamp,anchor_prev_close,aggregate_regime_indicator,aggregate_regime_name,direction_hit,path_mae,step_1_close_mae,step_5_close_mae,step_10_close_mae,step_15_close_mae
2026-04-17 13:36:00+00:00,424.2900085449219,0.1009105605008194,NORMAL,1.0,4.224713325500488,1.7325439453125,2.81964111328125,1.41693115234375,2.400787353515625
2026-04-17 13:37:00+00:00,424.70001220703125,0.1009105605008194,NORMAL,1.0,5.498531341552734,3.150665283203125,1.590850830078125,3.155853271484375,5.450164794921875
2026-04-17 13:38:00+00:00,425.1400146484375,0.2018211210016388,NORMAL,1.0,5.498720169067383,0.30706787109375,3.205352783203125,0.68707275390625,1.628326416015625
2026-04-17 13:39:00+00:00,425.5249938964844,0.1009105605008194,NORMAL,0.0,10.13194751739502,0.232269287109375,5.971466064453125,5.973297119140625,6.034210205078125
2026-04-17 13:40:00+00:00,425.5199890136719,0.1009105605008194,NORMAL,1.0,11.193428039550781,0.47265625,6.507415771484375,6.669677734375,7.304534912109375
2026-04-17 13:41:00+00:00,425.6700134277344,0.1009105605008194,NORMAL,1.0,8.408048629760742,1.256683349609375,1.559417724609375,2.38348388671875,2.54266357421875
2026-04-17 13:42:00+00:00,425.2300109863281,0.1009105605008194,NORMAL,0.0,8.078851699829102,1.114990234375,5.56488037109375,2.82867431640625,5.50531005859375
2026-04-17 13:43:00+00:00,426.010009765625,0.2018211210016388,NORMAL,0.0,10.424169540405273,2.304901123046875,4.760101318359375,6.085205078125,8.899749755859375
2026-04-17 13:44:00+00:00,425.4700012207031,0.2018211210016388,NORMAL,1.0,9.110533714294434,2.9588623046875,3.074493408203125,5.71826171875,11.027374267578125
2026-04-17 13:45:00+00:00,425.82000732421875,0.1009105605008194,NORMAL,1.0,9.057276725769043,0.61602783203125,2.50506591796875,4.35247802734375,7.534271240234375
2026-04-17 13:46:00+00:00,426.0350036621094,0.1009105605008194,NORMAL,0.0,9.114566802978516,2.160003662109375,2.56695556640625,4.6812744140625,7.42559814453125
2026-04-17 13:47:00+00:00,424.79998779296875,0.2018211210016388,NORMAL,1.0,4.110084056854248,0.928558349609375,3.21539306640625,7.5765380859375,4.26947021484375
2026-04-17 13:48:00+00:00,424.2699890136719,0.2018211210016388,NORMAL,0.0,5.272890567779541,2.03961181640625,2.46771240234375,4.023193359375,1.8121337890625
2026-04-17 13:49:00+00:00,424.8800048828125,0.2018211210016388,NORMAL,0.0,5.6801300048828125,0.699462890625,0.033294677734375,6.68829345703125,5.893798828125
2026-04-17 13:50:00+00:00,425.20001220703125,0.1009105605008194,NORMAL,1.0,4.772638320922852,0.841278076171875,0.79010009765625,5.042022705078125,6.152374267578125
2026-04-17 13:51:00+00:00,425.5,0.1009105605008194,NORMAL,1.0,4.528223991394043,0.177154541015625,1.037353515625,3.252471923828125,6.7982177734375
2026-04-17 13:52:00+00:00,425.9700012207031,0.1009105605008194,NORMAL,0.0,4.853022575378418,1.754058837890625,2.40679931640625,4.717926025390625,6.994964599609375
2026-04-17 13:53:00+00:00,425.80999755859375,0.1009105605008194,NORMAL,0.0,4.705021858215332,2.2640380859375,2.749267578125,4.875518798828125,7.548492431640625
2026-04-17 13:54:00+00:00,425.6700134277344,0.1009105605008194,NORMAL,0.0,4.823637008666992,2.44158935546875,4.377349853515625,3.750518798828125,8.75152587890625
2026-04-17 13:55:00+00:00,425.4800109863281,0.1009105605008194,NORMAL,0.0,5.819516181945801,1.6015625,5.8836669921875,3.8953857421875,8.059967041015625
2026-04-17 13:56:00+00:00,425.4200134277344,0.1009105605008194,NORMAL,1.0,5.106167793273926,0.30804443359375,2.836517333984375,3.482269287109375,8.563201904296875
2026-04-17 13:57:00+00:00,425.0899963378906,0.1009105605008194,NORMAL,1.0,4.9976887702941895,0.3165283203125,2.949615478515625,3.16455078125,8.503021240234375
2026-04-17 13:58:00+00:00,424.9100036621094,0.1009105605008194,NORMAL,1.0,4.705758094787598,0.42633056640625,2.81219482421875,3.38067626953125,8.2213134765625
2026-04-17 13:59:00+00:00,424.32000732421875,0.1009105605008194,NORMAL,0.0,4.146177768707275,1.18115234375,0.063720703125,3.72955322265625,7.968597412109375
2026-04-17 14:00:00+00:00,424.739990234375,0.1009105605008194,NORMAL,0.0,4.240171909332275,1.21112060546875,0.65521240234375,3.17742919921875,7.8935546875
2026-04-17 14:01:00+00:00,425.06500244140625,0.1009105605008194,NORMAL,1.0,4.733086585998535,0.0330810546875,3.390838623046875,2.79669189453125,7.98846435546875
2026-04-17 14:02:00+00:00,424.760009765625,0.1009105605008194,NORMAL,1.0,3.710233211517334,0.05548095703125,3.7880859375,4.145233154296875,6.111572265625
2026-04-17 14:03:00+00:00,424.6300048828125,0.1009105605008194,NORMAL,1.0,3.945733070373535,0.6363525390625,0.94744873046875,3.17779541015625,8.066070556640625
2026-04-17 14:04:00+00:00,424.57501220703125,0.1009105605008194,NORMAL,1.0,3.7195940017700195,0.760528564453125,0.708343505859375,2.95989990234375,7.640289306640625
2026-04-17 14:05:00+00:00,424.4599914550781,0.1009105605008194,NORMAL,1.0,3.577777147293091,0.759307861328125,0.418487548828125,2.361785888671875,7.01763916015625
2026-04-17 14:06:00+00:00,424.30999755859375,0.1009105605008194,NORMAL,0.0,3.5969109535217285,0.930633544921875,0.3543701171875,2.2076416015625,6.713226318359375
2026-04-17 14:07:00+00:00,424.42999267578125,0.1009105605008194,NORMAL,1.0,3.4152050018310547,0.62689208984375,0.5458984375,1.945404052734375,6.1568603515625
2026-04-17 14:08:00+00:00,423.8450012207031,0.1009105605008194,NORMAL,1.0,4.123618125915527,2.318206787109375,2.3798828125,2.1417236328125,1.751953125
2026-04-17 14:09:00+00:00,423.7699890136719,0.1009105605008194,NORMAL,0.0,4.248171329498291,3.013336181640625,2.414093017578125,1.874908447265625,0.956390380859375
2026-04-17 14:10:00+00:00,424.6600036621094,0.1009105605008194,NORMAL,0.0,4.081735610961914,1.385406494140625,1.5997314453125,2.44659423828125,4.55743408203125
2026-04-17 14:11:00+00:00,424.6600036621094,0.1009105605008194,NORMAL,1.0,4.067563056945801,1.547149658203125,3.17205810546875,2.353424072265625,2.81732177734375
2026-04-17 14:12:00+00:00,424.5400085449219,0.1009105605008194,NORMAL,1.0,4.169956684112549,1.854583740234375,1.909027099609375,1.549652099609375,6.75927734375
2026-04-17 14:13:00+00:00,424.3800048828125,0.1009105605008194,NORMAL,1.0,3.2403502464294434,1.07379150390625,0.472198486328125,1.766571044921875,5.77874755859375
2026-04-17 14:14:00+00:00,424.2300109863281,0.1009105605008194,NORMAL,0.0,3.2705938816070557,1.623992919921875,0.471160888671875,1.92218017578125,5.168212890625
2026-04-17 14:15:00+00:00,424.6099853515625,0.1009105605008194,NORMAL,0.0,3.8035101890563965,1.7318115234375,0.230865478515625,3.011383056640625,6.80853271484375
2026-04-17 14:16:00+00:00,424.8900146484375,0.1009105605008194,NORMAL,1.0,4.323780536651611,0.74530029296875,2.698211669921875,3.042755126953125,7.0072021484375
2026-04-17 14:17:00+00:00,424.6600036621094,0.1009105605008194,NORMAL,1.0,4.168797016143799,0.48553466796875,2.327484130859375,2.2054443359375,6.592559814453125
2026-04-17 14:18:00+00:00,424.20001220703125,0.1009105605008194,NORMAL,0.0,4.010853290557861,1.235565185546875,2.260528564453125,1.518951416015625,6.18231201171875
2026-04-17 14:19:00+00:00,424.239990234375,0.1009105605008194,NORMAL,0.0,3.946005344390869,1.423370361328125,2.289398193359375,0.65478515625,5.685394287109375
2026-04-17 14:20:00+00:00,424.6300048828125,0.1009105605008194,NORMAL,0.0,4.048539638519287,1.65673828125,2.792816162109375,1.0341796875,6.459228515625
2026-04-17 14:21:00+00:00,425.0799865722656,0.1009105605008194,NORMAL,1.0,4.09907341003418,1.2933349609375,3.138702392578125,0.62664794921875,7.56280517578125
2026-04-17 14:22:00+00:00,425.05499267578125,0.1009105605008194,NORMAL,0.0,3.467989444732666,0.63482666015625,3.910369873046875,0.5357666015625,6.6807861328125
2026-04-17 14:23:00+00:00,424.5299987792969,0.1009105605008194,NORMAL,1.0,3.8238959312438965,1.1668701171875,1.7625732421875,0.036407470703125,6.36346435546875
2026-04-17 14:24:00+00:00,424.45001220703125,0.1009105605008194,NORMAL,0.0,2.9819531440734863,0.96868896484375,0.33074951171875,0.06146240234375,5.420684814453125
2026-04-17 14:25:00+00:00,424.3900146484375,0.1009105605008194,NORMAL,0.0,3.7216644287109375,1.152587890625,1.12078857421875,0.129730224609375,5.4095458984375
2026-04-17 14:26:00+00:00,424.44500732421875,0.1009105605008194,NORMAL,1.0,3.0280144214630127,0.1920166015625,1.757781982421875,0.95831298828125,4.851287841796875
2026-04-17 14:27:00+00:00,424.94000244140625,0.1009105605008194,NORMAL,0.0,3.910432815551758,1.093536376953125,1.169952392578125,1.428375244140625,6.283843994140625
2026-04-17 14:28:00+00:00,425.1099853515625,0.1009105605008194,NORMAL,1.0,3.0263586044311523,0.40460205078125,2.583465576171875,1.065032958984375,5.310699462890625
2026-04-17 14:29:00+00:00,425.7699890136719,0.1009105605008194,NORMAL,0.0,3.979174852371216,1.402496337890625,1.449371337890625,1.0943603515625,6.426239013671875
2026-04-17 14:30:00+00:00,425.8450012207031,0.1009105605008194,NORMAL,1.0,3.2449145317077637,1.4366455078125,2.7059326171875,1.581390380859375,5.99371337890625
2026-04-17 14:31:00+00:00,426.7300109863281,0.1009105605008194,NORMAL,1.0,4.140077114105225,2.7412109375,3.83721923828125,4.52911376953125,6.391143798828125
2026-04-17 14:32:00+00:00,426.8399963378906,0.1009105605008194,NORMAL,0.0,3.58389949798584,2.24761962890625,2.852447509765625,4.1376953125,7.194915771484375
2026-04-17 14:33:00+00:00,426.7749938964844,0.1009105605008194,NORMAL,1.0,2.76669979095459,1.583984375,1.264862060546875,4.3450927734375,5.592041015625
2026-04-17 14:34:00+00:00,427.010009765625,0.1009105605008194,NORMAL,0.0,3.5993194580078125,1.012451171875,1.669647216796875,4.30419921875,3.734619140625
2026-04-17 14:35:00+00:00,426.6600036621094,0.1009105605008194,NORMAL,0.0,3.8427116870880127,1.502593994140625,0.990386962890625,3.839874267578125,2.367523193359375
2026-04-17 14:36:00+00:00,426.07000732421875,0.1009105605008194,NORMAL,1.0,3.8534996509552,0.957733154296875,0.557861328125,3.722991943359375,2.869781494140625
2026-04-17 14:37:00+00:00,426.44000244140625,0.1009105605008194,NORMAL,1.0,4.151381015777588,0.911407470703125,0.315338134765625,4.700164794921875,0.375885009765625
2026-04-17 14:38:00+00:00,426.79998779296875,0.1009105605008194,NORMAL,1.0,4.20701789855957,0.888763427734375,1.21356201171875,4.516143798828125,2.815673828125
2026-04-17 14:39:00+00:00,427.2200012207031,0.1009105605008194,NORMAL,1.0,4.931127548217773,1.114532470703125,1.752655029296875,5.167083740234375,3.565277099609375
2026-04-17 14:40:00+00:00,427.6400146484375,0.1009105605008194,NORMAL,1.0,5.397113800048828,1.274749755859375,2.303558349609375,6.116455078125,4.0228271484375
2026-04-17 14:41:00+00:00,427.8900146484375,0.1009105605008194,NORMAL,0.0,5.457613945007324,1.45562744140625,2.21014404296875,6.425262451171875,4.27337646484375
2026-04-17 14:42:00+00:00,427.8699951171875,0.1009105605008194,NORMAL,1.0,5.255248546600342,0.861358642578125,0.6995849609375,6.764617919921875,1.283477783203125
2026-04-17 14:43:00+00:00,428.17999267578125,0.1009105605008194,NORMAL,0.0,5.212022304534912,1.100128173828125,1.538482666015625,7.07196044921875,2.234893798828125
2026-04-17 14:44:00+00:00,428.1600036621094,0.1009105605008194,NORMAL,1.0,5.704084396362305,1.40716552734375,1.905487060546875,7.1722412109375,0.9625244140625
2026-04-17 14:45:00+00:00,428.2099914550781,0.1009105605008194,NORMAL,1.0,5.404906749725342,1.32891845703125,1.9361572265625,6.599884033203125,0.5162353515625
2026-04-17 14:46:00+00:00,428.2749938964844,0.1009105605008194,NORMAL,1.0,4.866138458251953,0.919036865234375,2.7418212890625,5.3040771484375,1.732147216796875
2026-04-17 14:47:00+00:00,428.6700134277344,0.1009105605008194,NORMAL,0.0,5.6934943199157715,1.903472900390625,2.3984375,6.8046875,0.80670166015625
2026-04-17 14:48:00+00:00,428.20001220703125,0.1009105605008194,NORMAL,1.0,5.333795547485352,1.600555419921875,2.746429443359375,4.79681396484375,2.025970458984375
2026-04-17 14:49:00+00:00,428.2099914550781,0.1009105605008194,NORMAL,0.0,4.111989974975586,0.928955078125,1.806854248046875,3.865234375,3.011077880859375
2026-04-17 14:50:00+00:00,427.9599914550781,0.1009105605008194,NORMAL,0.0,2.901839017868042,2.4638671875,0.905487060546875,3.97369384765625,5.793426513671875
2026-04-17 14:51:00+00:00,427.68499755859375,0.1009105605008194,NORMAL,1.0,2.7143492698669434,1.47918701171875,0.537322998046875,3.205322265625,4.783966064453125
2026-04-17 14:52:00+00:00,428.0199890136719,0.1009105605008194,NORMAL,1.0,3.1004748344421387,1.72296142578125,1.099639892578125,2.40032958984375,5.921966552734375
2026-04-17 14:53:00+00:00,428.1499938964844,0.1009105605008194,NORMAL,1.0,3.937551259994507,1.9403076171875,1.084228515625,2.7998046875,6.48077392578125
2026-04-17 14:54:00+00:00,428.3900146484375,0.1009105605008194,NORMAL,1.0,4.00152587890625,1.910980224609375,0.79046630859375,3.1343994140625,6.668548583984375
2026-04-17 14:55:00+00:00,428.635009765625,0.1009105605008194,NORMAL,0.0,4.0262532234191895,0.993865966796875,0.129241943359375,2.38055419921875,4.49945068359375
2026-04-17 14:56:00+00:00,428.4700012207031,0.1009105605008194,NORMAL,1.0,3.6858794689178467,0.434814453125,0.9837646484375,3.011505126953125,5.3819580078125
2026-04-17 14:57:00+00:00,428.8900146484375,0.1009105605008194,NORMAL,1.0,4.586491584777832,1.248382568359375,1.971405029296875,1.533599853515625,6.21533203125
2026-04-17 14:58:00+00:00,429.5899963378906,0.1009105605008194,NORMAL,1.0,4.7706756591796875,0.163299560546875,0.611297607421875,1.618743896484375,7.423309326171875
2026-04-17 14:59:00+00:00,429.9700012207031,0.1009105605008194,NORMAL,1.0,4.8466973304748535,0.740814208984375,0.263153076171875,3.56060791015625,7.47796630859375
2026-04-17 15:00:00+00:00,430.05499267578125,0.1009105605008194,NORMAL,1.0,5.1045241355896,0.576263427734375,0.99029541015625,3.398895263671875,7.744384765625
2026-04-17 15:01:00+00:00,430.2799987792969,0.1009105605008194,NORMAL,0.0,5.1627607345581055,1.995452880859375,1.470855712890625,5.2076416015625,7.263458251953125
2026-04-17 15:02:00+00:00,430.1700134277344,0.1009105605008194,NORMAL,1.0,5.690683364868164,1.624908447265625,1.37139892578125,5.603729248046875,7.488983154296875
2026-04-17 15:03:00+00:00,430.67498779296875,0.1009105605008194,NORMAL,0.0,7.261486053466797,1.285736083984375,1.859619140625,5.335113525390625,3.730072021484375
2026-04-17 15:04:00+00:00,430.3699951171875,0.1009105605008194,NORMAL,0.0,7.633848667144775,1.6444091796875,2.139923095703125,6.677001953125,4.11456298828125
2026-04-17 15:05:00+00:00,429.7950134277344,0.1009105605008194,NORMAL,1.0,6.8856635093688965,0.97021484375,1.231689453125,6.046966552734375,3.699920654296875
2026-04-17 15:06:00+00:00,430.06500244140625,0.1009105605008194,NORMAL,1.0,6.798830032348633,0.9285888671875,1.64434814453125,5.799530029296875,4.45587158203125
2026-04-17 15:07:00+00:00,430.4700012207031,0.1009105605008194,NORMAL,1.0,7.637938976287842,0.665924072265625,2.282073974609375,6.459381103515625,6.307159423828125
2026-04-17 15:08:00+00:00,430.92999267578125,0.1009105605008194,NORMAL,0.0,8.502793312072754,1.4925537109375,2.818511962890625,6.639923095703125,5.4066162109375
2026-04-17 15:09:00+00:00,430.7699890136719,0.1009105605008194,NORMAL,1.0,8.537896156311035,1.255401611328125,3.7752685546875,6.60760498046875,4.87347412109375
2026-04-17 15:10:00+00:00,431.0849914550781,0.1009105605008194,NORMAL,0.0,8.2999849319458,1.5509033203125,3.67523193359375,6.68450927734375,4.36700439453125
2026-04-17 15:11:00+00:00,430.80999755859375,0.1009105605008194,NORMAL,1.0,8.549854278564453,1.326751708984375,3.457305908203125,7.428375244140625,4.767303466796875
2026-04-17 15:12:00+00:00,430.8399963378906,0.1009105605008194,NORMAL,1.0,8.02676010131836,1.021453857421875,2.866729736328125,6.50897216796875,4.02276611328125
2026-04-17 15:13:00+00:00,430.8900146484375,0.1009105605008194,NORMAL,0.0,7.820455551147461,1.83026123046875,2.82159423828125,4.945770263671875,7.157928466796875
2026-04-17 15:14:00+00:00,429.8550109863281,0.1009105605008194,NORMAL,0.0,6.913933753967285,2.168548583984375,2.1815185546875,4.777740478515625,9.135589599609375
2026-04-17 15:15:00+00:00,429.79998779296875,0.1009105605008194,NORMAL,1.0,5.558144569396973,1.899566650390625,1.60791015625,3.02752685546875,6.35186767578125
2026-04-17 15:16:00+00:00,430.04998779296875,0.1009105605008194,NORMAL,1.0,6.12418270111084,1.6483154296875,3.3653564453125,1.95892333984375,8.011322021484375
2026-04-17 15:17:00+00:00,430.30499267578125,0.1009105605008194,NORMAL,1.0,6.5989179611206055,0.388214111328125,4.18780517578125,2.042327880859375,8.23663330078125
2026-04-17 15:18:00+00:00,430.7699890136719,0.1009105605008194,NORMAL,0.0,5.996776580810547,1.668914794921875,1.90234375,1.815765380859375,8.72894287109375
2026-04-17 15:19:00+00:00,430.7699890136719,0.1009105605008194,NORMAL,1.0,6.782311916351318,0.616851806640625,2.199493408203125,2.475982666015625,9.403350830078125
2026-04-17 15:20:00+00:00,430.45001220703125,0.1009105605008194,NORMAL,1.0,6.622888565063477,0.329833984375,1.6116943359375,2.59869384765625,8.9322509765625
2026-04-17 15:21:00+00:00,429.8699951171875,0.1009105605008194,NORMAL,0.0,6.852968692779541,1.2816162109375,1.694183349609375,2.790802001953125,9.2911376953125
2026-04-17 15:22:00+00:00,430.2200012207031,0.1009105605008194,NORMAL,0.0,6.533220291137695,1.4549560546875,1.758209228515625,2.088897705078125,8.831573486328125
2026-04-17 15:23:00+00:00,430.625,0.1009105605008194,NORMAL,0.0,7.048391342163086,1.509918212890625,2.691192626953125,3.084228515625,9.244903564453125
2026-04-17 15:24:00+00:00,431.1400146484375,0.1009105605008194,NORMAL,0.0,7.446130752563477,1.57275390625,2.752197265625,3.166015625,9.842132568359375
2026-04-17 15:25:00+00:00,431.3599853515625,0.1009105605008194,NORMAL,1.0,7.459954738616943,0.877838134765625,3.665802001953125,3.328857421875,10.184661865234375
2026-04-17 15:26:00+00:00,431.1700134277344,0.1009105605008194,NORMAL,1.0,8.212517738342285,0.79376220703125,4.21075439453125,4.215423583984375,11.3939208984375
2026-04-17 15:27:00+00:00,431.010009765625,0.1009105605008194,NORMAL,1.0,7.421172618865967,0.632781982421875,3.195709228515625,3.400177001953125,10.862640380859375
2026-04-17 15:28:00+00:00,430.6099853515625,0.1009105605008194,NORMAL,0.0,7.923402309417725,1.251800537109375,3.52862548828125,3.401153564453125,11.6898193359375
2026-04-17 15:29:00+00:00,430.82000732421875,0.1009105605008194,NORMAL,1.0,7.482638359069824,0.63751220703125,3.0528564453125,3.178375244140625,11.430511474609375
2026-04-17 15:30:00+00:00,430.3299865722656,0.1009105605008194,NORMAL,0.0,8.018320083618164,0.783843994140625,4.565277099609375,3.774658203125,11.229400634765625
2026-04-17 15:31:00+00:00,430.1499938964844,0.1009105605008194,NORMAL,0.0,7.171892166137695,1.4744873046875,2.62896728515625,3.3912353515625,10.80224609375
2026-04-17 15:32:00+00:00,430.5299987792969,0.1009105605008194,NORMAL,1.0,6.908360004425049,1.015045166015625,2.40277099609375,3.359649658203125,10.77178955078125
2026-04-17 15:33:00+00:00,430.135009765625,0.1009105605008194,NORMAL,0.0,7.727376937866211,1.487518310546875,2.53582763671875,4.540985107421875,11.562744140625
2026-04-17 15:34:00+00:00,430.42498779296875,0.1009105605008194,NORMAL,0.0,8.22808837890625,0.77685546875,3.29498291015625,5.16998291015625,12.4637451171875
2026-04-17 15:35:00+00:00,430.5199890136719,0.1009105605008194,NORMAL,1.0,7.462693691253662,0.615692138671875,2.993408203125,4.54730224609375,11.623046875
2026-04-17 15:36:00+00:00,430.25,0.0,NORMAL,0.0,6.065865993499756,1.490936279296875,0.1488037109375,4.683258056640625,10.8829345703125
2026-04-17 15:37:00+00:00,430.2900085449219,0.0,NORMAL,0.0,6.562432289123535,1.753997802734375,0.881866455078125,5.538421630859375,10.889312744140625
2026-04-17 15:38:00+00:00,430.4700012207031,0.0,NORMAL,1.0,6.16377067565918,1.409759521484375,1.327117919921875,5.252716064453125,10.19622802734375
2026-04-17 15:39:00+00:00,430.2950134277344,0.0,NORMAL,1.0,6.650232315063477,1.031524658203125,1.912109375,6.22869873046875,10.799652099609375
2026-04-17 15:40:00+00:00,430.1000061035156,0.0,NORMAL,1.0,6.200158596038818,1.835662841796875,0.411407470703125,5.788482666015625,10.934722900390625
2026-04-17 15:41:00+00:00,429.6000061035156,0.1009105605008194,NORMAL,1.0,5.366001129150391,2.057220458984375,2.93499755859375,6.08740234375,8.1734619140625
2026-04-17 15:42:00+00:00,429.260009765625,0.0,NORMAL,1.0,4.749809741973877,1.16900634765625,5.789215087890625,5.200469970703125,4.107269287109375
2026-04-17 15:43:00+00:00,428.7300109863281,0.1009105605008194,NORMAL,1.0,4.716113090515137,2.104461669921875,4.928314208984375,4.397430419921875,3.93792724609375
2026-04-17 15:44:00+00:00,428.5,0.0,NORMAL,1.0,4.515735626220703,1.53778076171875,5.77435302734375,4.5052490234375,3.52056884765625
2026-04-17 15:45:00+00:00,428.4200134277344,0.0,NORMAL,0.0,4.560728549957275,1.84710693359375,5.752716064453125,4.551177978515625,3.88775634765625
2026-04-17 15:46:00+00:00,428.6650085449219,0.0,NORMAL,1.0,4.476354598999023,1.315216064453125,5.704315185546875,3.99822998046875,3.806671142578125
2026-04-17 15:47:00+00:00,428.2749938964844,0.1009105605008194,NORMAL,0.0,4.729792594909668,2.014556884765625,4.858673095703125,3.844329833984375,4.178680419921875
2026-04-17 15:48:00+00:00,428.2850036621094,0.0,NORMAL,1.0,4.2637619972229,1.15704345703125,4.400634765625,3.906829833984375,2.925750732421875
2026-04-17 15:49:00+00:00,427.7799987792969,0.1009105605008194,NORMAL,0.0,4.4909348487854,2.00555419921875,3.931549072265625,3.694091796875,2.814544677734375
2026-04-17 15:50:00+00:00,427.8399963378906,0.0,NORMAL,1.0,3.845449924468994,1.27386474609375,7.759033203125,0.8060302734375,1.220428466796875
2026-04-17 15:51:00+00:00,427.80999755859375,0.0,NORMAL,0.0,3.8589441776275635,1.895751953125,7.295196533203125,0.718780517578125,0.97552490234375
2026-04-17 15:52:00+00:00,428.30999755859375,0.1009105605008194,NORMAL,0.0,4.186526298522949,2.619354248046875,4.69561767578125,0.3487548828125,2.827178955078125
2026-04-17 15:53:00+00:00,428.6199951171875,0.0,NORMAL,1.0,3.926438570022583,1.609954833984375,7.985870361328125,0.466033935546875,1.153900146484375
2026-04-17 15:54:00+00:00,428.5849914550781,0.1009105605008194,NORMAL,0.0,4.415053844451904,2.119415283203125,4.033538818359375,3.070220947265625,2.4932861328125
2026-04-17 15:55:00+00:00,428.5849914550781,0.0,NORMAL,0.0,4.361555099487305,2.28155517578125,5.035369873046875,3.708221435546875,3.153411865234375
2026-04-17 15:56:00+00:00,428.9700012207031,0.1009105605008194,NORMAL,0.0,4.627574920654297,2.623321533203125,4.916259765625,3.61541748046875,3.244049072265625
2026-04-17 15:57:00+00:00,429.0400085449219,0.0,NORMAL,1.0,4.637115478515625,1.16143798828125,3.3297119140625,3.76605224609375,5.6796875
2026-04-17 15:58:00+00:00,428.5,0.1009105605008194,NORMAL,1.0,4.518743991851807,2.2608642578125,2.04296875,3.962890625,6.9317626953125
2026-04-17 15:59:00+00:00,428.4800109863281,0.0,NORMAL,1.0,4.96169376373291,1.777923583984375,1.31787109375,3.49493408203125,9.269989013671875
2026-04-17 16:00:00+00:00,428.17999267578125,0.0,NORMAL,1.0,4.775700092315674,2.523712158203125,2.1614990234375,3.157867431640625,8.5113525390625
2026-04-17 16:01:00+00:00,428.0899963378906,0.0,NORMAL,0.0,5.315540313720703,1.039398193359375,1.771881103515625,2.26995849609375,8.6318359375
2026-04-17 16:02:00+00:00,428.0899963378906,0.0,NORMAL,0.0,5.533364295959473,1.279327392578125,2.199676513671875,2.468597412109375,9.301116943359375
2026-04-17 16:03:00+00:00,428.3550109863281,0.0,NORMAL,0.0,5.653339862823486,1.371063232421875,2.49395751953125,2.555267333984375,10.1170654296875
2026-04-17 16:04:00+00:00,428.739990234375,0.1009105605008194,NORMAL,0.0,6.074295520782471,1.162994384765625,3.0400390625,3.140625,10.228424072265625
2026-04-17 16:05:00+00:00,428.7799987792969,0.0,NORMAL,0.0,6.126467704772949,1.096771240234375,3.33502197265625,3.1622314453125,10.1761474609375
2026-04-17 16:06:00+00:00,428.8349914550781,0.0,NORMAL,1.0,5.950417518615723,0.868682861328125,2.9688720703125,3.287506103515625,10.116851806640625
2026-04-17 16:07:00+00:00,428.614990234375,0.0,NORMAL,1.0,5.788670063018799,0.068634033203125,3.757781982421875,3.30181884765625,9.208251953125
2026-04-17 16:08:00+00:00,428.54998779296875,0.0,NORMAL,0.0,5.508587837219238,0.07952880859375,3.51776123046875,3.712738037109375,8.325042724609375
2026-04-17 16:09:00+00:00,428.489990234375,0.0,NORMAL,1.0,5.845157623291016,0.826690673828125,2.7247314453125,3.55401611328125,9.153228759765625
2026-04-17 16:10:00+00:00,428.1199951171875,0.0,NORMAL,0.0,5.920360565185547,1.50152587890625,2.299957275390625,3.45562744140625,8.918731689453125
2026-04-17 16:11:00+00:00,428.4150085449219,0.0,NORMAL,0.0,5.761361598968506,1.178619384765625,2.732147216796875,3.5948486328125,8.8441162109375
2026-04-17 16:12:00+00:00,428.4800109863281,0.0,NORMAL,0.0,5.8681464195251465,0.958282470703125,3.3084716796875,3.756378173828125,8.927520751953125
2026-04-17 16:13:00+00:00,428.5899963378906,0.0,NORMAL,1.0,5.911334037780762,0.61767578125,4.017364501953125,3.178466796875,8.967529296875
2026-04-17 16:14:00+00:00,428.30499267578125,0.0,NORMAL,0.0,4.592139720916748,1.746429443359375,0.225433349609375,3.164093017578125,8.2686767578125
2026-04-17 16:15:00+00:00,428.4599914550781,0.0,NORMAL,1.0,5.470969200134277,0.92755126953125,3.1441650390625,2.437042236328125,8.455352783203125
2026-04-17 16:16:00+00:00,428.2200012207031,0.0,NORMAL,1.0,5.460463047027588,0.58837890625,3.311065673828125,2.49761962890625,8.337890625
2026-04-17 16:17:00+00:00,427.8599853515625,0.1009105605008194,NORMAL,1.0,4.8566670417785645,0.6434326171875,2.74237060546875,1.631317138671875,7.650482177734375
2026-04-17 16:18:00+00:00,427.2250061035156,0.1009105605008194,NORMAL,0.0,4.169818878173828,1.421295166015625,0.712066650390625,2.2265625,7.137939453125
2026-04-17 16:19:00+00:00,427.69000244140625,0.1009105605008194,NORMAL,1.0,4.032271862030029,1.7930908203125,0.935394287109375,2.10198974609375,7.046051025390625
2026-04-17 16:20:00+00:00,427.6549987792969,0.0,NORMAL,1.0,3.982041120529175,1.2135009765625,1.09100341796875,2.197998046875,6.92120361328125
2026-04-17 16:21:00+00:00,427.5299987792969,0.0,NORMAL,0.0,4.0020928382873535,2.45819091796875,2.618560791015625,1.6505126953125,7.0982666015625
2026-04-17 16:22:00+00:00,427.5450134277344,0.0,NORMAL,0.0,4.0657057762146,3.037109375,2.468170166015625,1.707061767578125,7.227752685546875
2026-04-17 16:23:00+00:00,428.19000244140625,0.1009105605008194,NORMAL,0.0,5.025712490081787,2.67486572265625,1.413055419921875,2.797576904296875,8.960693359375
2026-04-17 16:24:00+00:00,428.30999755859375,0.0,NORMAL,0.0,4.499612331390381,2.6324462890625,1.68548583984375,2.34722900390625,7.532958984375
2026-04-17 16:25:00+00:00,428.4849853515625,0.0,NORMAL,0.0,4.717644691467285,2.4676513671875,1.56573486328125,2.57598876953125,7.8560791015625
2026-04-17 16:26:00+00:00,428.489990234375,0.0,NORMAL,0.0,5.087991714477539,1.52008056640625,0.615478515625,2.6934814453125,7.607452392578125
2026-04-17 16:27:00+00:00,428.5400085449219,0.0,NORMAL,0.0,6.111208438873291,1.160247802734375,1.8582763671875,1.84722900390625,8.090576171875
2026-04-17 16:28:00+00:00,428.55999755859375,0.0,NORMAL,1.0,6.160960674285889,1.19647216796875,1.61407470703125,1.790557861328125,8.0499267578125
2026-04-17 16:29:00+00:00,428.510009765625,0.0,NORMAL,0.0,6.345234394073486,1.201873779296875,1.904205322265625,1.582122802734375,8.239837646484375
2026-04-17 16:30:00+00:00,428.6050109863281,0.0,NORMAL,0.0,6.194450855255127,1.499786376953125,1.7822265625,1.4151611328125,8.031005859375
2026-04-17 16:31:00+00:00,428.7799987792969,0.0,NORMAL,0.0,6.768573760986328,0.18621826171875,3.318939208984375,1.774078369140625,7.683013916015625
2026-04-17 16:32:00+00:00,428.8599853515625,0.0,NORMAL,1.0,6.7396650314331055,0.91204833984375,1.803497314453125,3.126922607421875,8.67254638671875
2026-04-17 16:33:00+00:00,429.125,0.0,NORMAL,0.0,7.0689473152160645,2.490997314453125,3.234161376953125,3.2750244140625,7.922454833984375
2026-04-17 16:34:00+00:00,428.9649963378906,0.0,NORMAL,1.0,7.0057244300842285,2.214752197265625,2.050323486328125,4.449188232421875,7.387786865234375
2026-04-17 16:35:00+00:00,429.010009765625,0.0,NORMAL,0.0,7.176882743835449,1.59332275390625,1.3770751953125,3.666839599609375,7.46539306640625
2026-04-17 16:36:00+00:00,428.9100036621094,0.0,NORMAL,0.0,6.925859451293945,2.496246337890625,1.71258544921875,6.047607421875,7.020477294921875
2026-04-17 16:37:00+00:00,428.8999938964844,0.0,NORMAL,1.0,6.1653947830200195,2.012939453125,1.400848388671875,5.41162109375,6.224761962890625
2026-04-17 16:38:00+00:00,428.9800109863281,0.0,NORMAL,1.0,6.9120612144470215,1.044464111328125,1.623046875,3.336700439453125,7.17791748046875
2026-04-17 16:39:00+00:00,429.3299865722656,0.1009105605008194,NORMAL,0.0,7.4477338790893555,2.18072509765625,2.504669189453125,5.024383544921875,7.536773681640625
2026-04-17 16:40:00+00:00,429.3299865722656,0.0,NORMAL,0.0,7.924412727355957,1.56793212890625,2.199310302734375,4.37408447265625,8.1702880859375
2026-04-17 16:41:00+00:00,429.20001220703125,0.0,NORMAL,0.0,7.969879150390625,2.727386474609375,2.750244140625,5.122100830078125,8.249755859375
2026-04-17 16:42:00+00:00,428.79998779296875,0.1009105605008194,NORMAL,1.0,8.1678466796875,2.190155029296875,3.646148681640625,3.8486328125,9.541595458984375
2026-04-17 16:43:00+00:00,428.82000732421875,0.0,NORMAL,0.0,7.627421855926514,0.298431396484375,3.126373291015625,4.236785888671875,8.262115478515625
2026-04-17 16:44:00+00:00,428.760009765625,0.0,NORMAL,1.0,8.112765312194824,1.55108642578125,5.68426513671875,3.318450927734375,8.79803466796875
2026-04-17 16:45:00+00:00,428.7699890136719,0.0,NORMAL,1.0,7.803858757019043,0.079833984375,4.36279296875,3.413818359375,9.518707275390625
2026-04-17 16:46:00+00:00,428.80999755859375,0.0,NORMAL,0.0,8.023841857910156,0.491973876953125,4.5401611328125,3.66204833984375,9.994140625
2026-04-17 16:47:00+00:00,428.6300048828125,0.0,NORMAL,1.0,8.467050552368164,0.08447265625,4.577392578125,4.061431884765625,10.229949951171875
2026-04-17 16:48:00+00:00,428.760009765625,0.0,NORMAL,1.0,8.007702827453613,0.575531005859375,3.080596923828125,3.938568115234375,10.470245361328125
2026-04-17 16:49:00+00:00,428.3800048828125,0.1009105605008194,NORMAL,1.0,8.663890838623047,1.158294677734375,3.24078369140625,4.1102294921875,10.866485595703125
2026-04-17 16:50:00+00:00,428.32000732421875,0.0,NORMAL,1.0,6.648440361022949,1.400970458984375,0.2099609375,4.45465087890625,9.932769775390625
2026-04-17 16:51:00+00:00,428.29998779296875,0.0,NORMAL,1.0,6.799473285675049,1.19677734375,0.520294189453125,5.005462646484375,10.52508544921875
2026-04-17 16:52:00+00:00,428.2300109863281,0.0,NORMAL,1.0,6.498071193695068,1.328094482421875,0.386566162109375,4.508758544921875,9.80255126953125
2026-04-17 16:53:00+00:00,428.18499755859375,0.0,NORMAL,1.0,6.9892120361328125,1.190399169921875,0.852325439453125,4.744293212890625,10.435699462890625
2026-04-17 16:54:00+00:00,428.05999755859375,0.0,NORMAL,1.0,6.797339916229248,1.151092529296875,0.742034912109375,4.34539794921875,10.939056396484375
2026-04-17 16:55:00+00:00,427.8800048828125,0.0,NORMAL,1.0,6.365966796875,1.408111572265625,0.42486572265625,4.127716064453125,9.85870361328125
2026-04-17 16:56:00+00:00,427.7699890136719,0.0,NORMAL,1.0,5.991426944732666,2.283966064453125,0.524993896484375,4.34649658203125,10.389862060546875
2026-04-17 16:57:00+00:00,427.5199890136719,0.0,NORMAL,1.0,6.500143051147461,1.87152099609375,0.078643798828125,3.94024658203125,9.68682861328125
2026-04-17 16:58:00+00:00,427.3299865722656,0.0,NORMAL,1.0,5.514235973358154,1.944244384765625,1.7254638671875,4.062042236328125,7.26910400390625
2026-04-17 16:59:00+00:00,427.2850036621094,0.0,NORMAL,1.0,5.035488128662109,1.56744384765625,4.740020751953125,5.43853759765625,4.195037841796875
2026-04-17 17:00:00+00:00,427.0299987792969,0.1009105605008194,NORMAL,1.0,4.988029956817627,2.041412353515625,4.36114501953125,4.325347900390625,3.99395751953125
2026-04-17 17:01:00+00:00,426.69000244140625,0.1009105605008194,NORMAL,0.0,4.871702671051025,2.35552978515625,4.371002197265625,4.17559814453125,3.7808837890625
2026-04-17 17:02:00+00:00,426.7250061035156,0.0,NORMAL,0.0,5.270816802978516,2.22357177734375,1.35467529296875,4.007293701171875,6.45819091796875
2026-04-17 17:03:00+00:00,426.8399963378906,0.0,NORMAL,0.0,4.751218318939209,2.006011962890625,4.83123779296875,4.5894775390625,4.350067138671875
2026-04-17 17:04:00+00:00,427.0350036621094,0.0,NORMAL,1.0,4.957763671875,1.404052734375,5.885772705078125,4.97149658203125,4.305938720703125
2026-04-17 17:05:00+00:00,426.69000244140625,0.1009105605008194,NORMAL,1.0,5.202093601226807,1.750579833984375,4.970672607421875,4.822509765625,4.868743896484375
2026-04-17 17:06:00+00:00,426.2799987792969,0.1009105605008194,NORMAL,0.0,4.985304355621338,2.447296142578125,4.7044677734375,4.5418701171875,4.725189208984375
2026-04-17 17:07:00+00:00,426.5299987792969,0.1009105605008194,NORMAL,1.0,4.8996124267578125,2.05657958984375,4.82513427734375,4.7890625,4.446197509765625
2026-04-17 17:08:00+00:00,426.29998779296875,0.0,NORMAL,1.0,4.7215375900268555,1.116119384765625,5.15618896484375,5.488250732421875,4.158935546875
2026-04-17 17:09:00+00:00,425.55999755859375,0.1009105605008194,NORMAL,0.0,4.755105495452881,2.968719482421875,4.18157958984375,4.27313232421875,3.739837646484375
2026-04-17 17:10:00+00:00,426.0899963378906,0.1009105605008194,NORMAL,1.0,4.8569183349609375,2.08441162109375,4.49749755859375,4.656158447265625,4.744842529296875
2026-04-17 17:11:00+00:00,425.7799987792969,0.0,NORMAL,1.0,4.487332344055176,1.7911376953125,4.675323486328125,4.82421875,4.052886962890625
2026-04-17 17:12:00+00:00,425.6499938964844,0.0,NORMAL,1.0,4.420898914337158,1.87841796875,4.85693359375,4.5174560546875,4.008758544921875
2026-04-17 17:13:00+00:00,425.57000732421875,0.0,NORMAL,1.0,4.376287937164307,1.835296630859375,5.321014404296875,4.358734130859375,3.783843994140625
2026-04-17 17:14:00+00:00,425.55999755859375,0.0,NORMAL,0.0,4.904949188232422,2.14129638671875,1.9212646484375,3.9886474609375,6.80877685546875
2026-04-17 17:15:00+00:00,425.6000061035156,0.0,NORMAL,1.0,4.370555400848389,1.62188720703125,5.13128662109375,5.168609619140625,3.8017578125
2026-04-17 17:16:00+00:00,425.31500244140625,0.0,NORMAL,1.0,4.344464302062988,1.5498046875,5.47784423828125,5.23651123046875,3.814544677734375
2026-04-17 17:17:00+00:00,424.95001220703125,0.1009105605008194,NORMAL,1.0,4.448526382446289,1.722320556640625,4.676727294921875,4.873992919921875,3.72637939453125
2026-04-17 17:18:00+00:00,424.42999267578125,0.1009105605008194,NORMAL,0.0,4.30375862121582,2.7625732421875,4.161468505859375,4.3564453125,3.179595947265625
2026-04-17 17:19:00+00:00,424.8800048828125,0.1009105605008194,NORMAL,1.0,4.214804649353027,2.388031005859375,3.9444580078125,4.27587890625,3.057830810546875
2026-04-17 17:20:00+00:00,424.760009765625,0.0,NORMAL,1.0,3.916419744491577,1.5738525390625,4.985198974609375,4.005096435546875,2.651519775390625
2026-04-17 17:21:00+00:00,424.3599853515625,0.1009105605008194,NORMAL,0.0,4.515448570251465,2.4920654296875,1.560028076171875,3.319793701171875,5.751373291015625
2026-04-17 17:22:00+00:00,424.45001220703125,0.0,NORMAL,0.0,3.9305419921875,2.338409423828125,1.42578125,2.69561767578125,4.37823486328125
2026-04-17 17:23:00+00:00,424.4800109863281,0.0,NORMAL,0.0,4.1294450759887695,2.2646484375,1.8660888671875,3.2496337890625,4.406219482421875
2026-04-17 17:24:00+00:00,424.6300048828125,0.0,NORMAL,1.0,4.285386562347412,1.79327392578125,0.70220947265625,2.390289306640625,5.68170166015625
2026-04-17 17:25:00+00:00,423.79998779296875,0.1009105605008194,NORMAL,0.0,4.012692928314209,2.48492431640625,0.595947265625,2.5577392578125,3.87615966796875
2026-04-17 17:26:00+00:00,423.8699951171875,0.0,NORMAL,1.0,3.577183723449707,2.1607666015625,0.459136962890625,2.38330078125,3.125732421875
2026-04-17 17:27:00+00:00,423.6499938964844,0.0,NORMAL,0.0,3.565500497817993,2.093597412109375,0.513153076171875,2.220428466796875,3.213104248046875
2026-04-17 17:28:00+00:00,423.7099914550781,0.0,NORMAL,1.0,4.0440850257873535,2.437530517578125,1.92535400390625,0.955841064453125,4.827484130859375
2026-04-17 17:29:00+00:00,423.5799865722656,0.0,NORMAL,0.0,3.603867292404175,2.36737060546875,0.8076171875,1.80120849609375,3.394439697265625
2026-04-17 17:30:00+00:00,423.8399963378906,0.1009105605008194,NORMAL,0.0,4.390068531036377,3.054046630859375,1.843505859375,0.921722412109375,5.265899658203125
2026-04-17 17:31:00+00:00,424.0849914550781,0.1009105605008194,NORMAL,1.0,3.637373685836792,2.539520263671875,1.42498779296875,1.534088134765625,2.870574951171875
2026-04-17 17:32:00+00:00,424.0,0.0,NORMAL,0.0,3.3237340450286865,2.374847412109375,1.568359375,1.790069580078125,2.32476806640625
2026-04-17 17:33:00+00:00,424.07501220703125,0.0,NORMAL,1.0,4.185047149658203,1.775970458984375,1.83770751953125,1.386688232421875,5.762054443359375
2026-04-17 17:34:00+00:00,423.8999938964844,0.0,NORMAL,1.0,4.250370502471924,1.90216064453125,1.74383544921875,1.63287353515625,6.045806884765625
2026-04-17 17:35:00+00:00,423.8599853515625,0.0,NORMAL,0.0,4.054844856262207,0.944305419921875,0.542938232421875,1.703033447265625,6.105743408203125
2026-04-17 17:36:00+00:00,423.864990234375,0.0,NORMAL,0.0,3.6117541790008545,1.521484375,1.54010009765625,1.46533203125,6.6422119140625
2026-04-17 17:37:00+00:00,423.9800109863281,0.0,NORMAL,0.0,3.7224645614624023,2.047515869140625,1.287933349609375,1.38873291015625,6.698333740234375
2026-04-17 17:38:00+00:00,424.6300048828125,0.1009105605008194,NORMAL,1.0,4.219799041748047,1.583038330078125,0.883819580078125,1.826690673828125,7.429962158203125
2026-04-17 17:39:00+00:00,424.6000061035156,0.0,NORMAL,0.0,5.605250835418701,0.89947509765625,2.514404296875,2.10235595703125,8.052276611328125
2026-04-17 17:40:00+00:00,424.7300109863281,0.0,NORMAL,1.0,6.098698139190674,0.303009033203125,3.91748046875,2.633331298828125,7.660400390625
2026-04-17 17:41:00+00:00,424.8299865722656,0.0,NORMAL,0.0,6.694777965545654,0.680877685546875,4.116790771484375,3.02301025390625,8.142059326171875
2026-04-17 17:42:00+00:00,424.68499755859375,0.0,NORMAL,1.0,6.65224552154541,0.320770263671875,3.071044921875,4.0322265625,7.18499755859375
2026-04-17 17:43:00+00:00,424.8299865722656,0.0,NORMAL,0.0,6.05098819732666,1.437255859375,1.198699951171875,3.232574462890625,6.428924560546875
2026-04-17 17:44:00+00:00,424.7099914550781,0.0,NORMAL,1.0,6.36118221282959,1.227752685546875,1.474365234375,3.282623291015625,6.920440673828125
2026-04-17 17:45:00+00:00,424.8500061035156,0.0,NORMAL,1.0,6.501194000244141,1.4566650390625,1.97509765625,3.500152587890625,7.0006103515625
2026-04-17 17:46:00+00:00,424.9649963378906,0.0,NORMAL,1.0,6.838466644287109,1.37744140625,2.179901123046875,3.794586181640625,7.3577880859375
2026-04-17 17:47:00+00:00,425.1600036621094,0.0,NORMAL,0.0,7.127869129180908,2.450836181640625,3.08062744140625,5.10821533203125,8.879974365234375
2026-04-17 17:48:00+00:00,425.1300048828125,0.0,NORMAL,0.0,7.178228855133057,2.503875732421875,3.126708984375,5.131683349609375,9.117889404296875
2026-04-17 17:49:00+00:00,425.0150146484375,0.0,NORMAL,0.0,7.448250770568848,2.73297119140625,2.919342041015625,5.148284912109375,8.25048828125
2026-04-17 17:50:00+00:00,424.70001220703125,0.0,NORMAL,1.0,6.727481842041016,0.966949462890625,1.344573974609375,3.43389892578125,7.126251220703125
2026-04-17 17:51:00+00:00,424.7200012207031,0.0,NORMAL,1.0,7.013377666473389,2.45458984375,2.573760986328125,4.70916748046875,7.742523193359375
2026-04-17 17:52:00+00:00,424.7850036621094,0.0,NORMAL,0.0,6.96110725402832,2.5950927734375,2.66729736328125,4.509796142578125,7.320953369140625
2026-04-17 17:53:00+00:00,424.7799987792969,0.0,NORMAL,1.0,6.926510810852051,2.31756591796875,2.544219970703125,4.58642578125,7.602783203125
2026-04-17 17:54:00+00:00,424.93499755859375,0.0,NORMAL,0.0,7.478682994842529,2.69683837890625,3.758941650390625,4.17352294921875,9.068634033203125
2026-04-17 17:55:00+00:00,424.8299865722656,0.0,NORMAL,1.0,6.824531078338623,0.179656982421875,3.5047607421875,2.5091552734375,8.477691650390625
2026-04-17 17:56:00+00:00,424.82000732421875,0.0,NORMAL,1.0,6.855377197265625,1.19873046875,2.491729736328125,2.9854736328125,9.3226318359375
2026-04-17 17:57:00+00:00,424.80499267578125,0.0,NORMAL,1.0,6.755948066711426,1.234039306640625,2.162078857421875,2.468231201171875,9.162811279296875
2026-04-17 17:58:00+00:00,424.7950134277344,0.0,NORMAL,1.0,6.997439384460449,0.92633056640625,2.548309326171875,3.07952880859375,9.3380126953125
2026-04-17 17:59:00+00:00,424.55999755859375,0.0,NORMAL,1.0,6.956756591796875,1.169403076171875,2.849365234375,3.20172119140625,9.6832275390625
2026-04-17 18:00:00+00:00,424.55499267578125,0.0,NORMAL,1.0,6.1543474197387695,1.41973876953125,0.058258056640625,4.066253662109375,10.258880615234375
2026-04-17 18:01:00+00:00,424.5,0.0,NORMAL,0.0,6.486545562744141,1.594207763671875,0.311492919921875,4.325927734375,10.29974365234375
2026-04-17 18:02:00+00:00,424.70001220703125,0.0,NORMAL,1.0,7.250503063201904,0.891876220703125,2.86737060546875,3.362274169921875,10.4913330078125
2026-04-17 18:03:00+00:00,424.4800109863281,0.0,NORMAL,1.0,6.398674964904785,1.056854248046875,0.20477294921875,4.131011962890625,10.559356689453125
2026-04-17 18:04:00+00:00,424.0199890136719,0.1009105605008194,NORMAL,0.0,6.402651786804199,1.78338623046875,0.133056640625,4.067413330078125,10.473419189453125
2026-04-17 18:05:00+00:00,424.2300109863281,0.0,NORMAL,1.0,6.272968769073486,1.31390380859375,0.1676025390625,4.441375732421875,10.6497802734375
2026-04-17 18:06:00+00:00,424.0,0.0,NORMAL,0.0,6.153202056884766,1.853271484375,0.06536865234375,4.077789306640625,11.0098876953125
2026-04-17 18:07:00+00:00,424.3699951171875,0.1009105605008194,NORMAL,1.0,6.564997673034668,1.21966552734375,0.656982421875,4.65386962890625,11.958984375
2026-04-17 18:08:00+00:00,423.9700012207031,0.1009105605008194,NORMAL,1.0,6.309221267700195,1.076202392578125,0.347869873046875,4.484832763671875,11.797454833984375
2026-04-17 18:09:00+00:00,423.7200012207031,0.0,NORMAL,1.0,5.794422626495361,2.745849609375,1.378662109375,3.916717529296875,11.4320068359375
2026-04-17 18:10:00+00:00,423.68499755859375,0.0,NORMAL,1.0,5.975560188293457,2.466888427734375,0.829559326171875,4.57159423828125,11.79296875
2026-04-17 18:11:00+00:00,423.6549987792969,0.0,NORMAL,1.0,6.463604927062988,2.050933837890625,0.29705810546875,4.98773193359375,10.633636474609375
2026-04-17 18:12:00+00:00,423.6499938964844,0.0,NORMAL,0.0,6.258519172668457,2.23016357421875,0.258880615234375,4.99560546875,10.12115478515625
2026-04-17 18:13:00+00:00,423.70001220703125,0.0,NORMAL,1.0,6.3490214347839355,1.65093994140625,0.026611328125,5.250274658203125,10.439544677734375
2026-04-17 18:14:00+00:00,423.2449951171875,0.1009105605008194,NORMAL,1.0,6.522122859954834,2.30999755859375,0.50421142578125,5.03839111328125,11.008880615234375
2026-04-17 18:15:00+00:00,423.0400085449219,0.0,NORMAL,0.0,6.103853225708008,2.44415283203125,0.197998046875,4.88775634765625,10.449249267578125
2026-04-17 18:16:00+00:00,423.2950134277344,0.1009105605008194,NORMAL,1.0,6.516491889953613,2.067535400390625,0.42059326171875,4.855621337890625,11.076568603515625
2026-04-17 18:17:00+00:00,423.0350036621094,0.0,NORMAL,1.0,5.897653102874756,2.349273681640625,0.160125732421875,4.034912109375,8.932708740234375
2026-04-17 18:18:00+00:00,422.8599853515625,0.0,NORMAL,1.0,5.677886962890625,2.488372802734375,0.075469970703125,3.88958740234375,8.55743408203125
2026-04-17 18:19:00+00:00,422.7699890136719,0.0,NORMAL,1.0,5.626119613647461,2.20782470703125,0.294647216796875,4.322113037109375,8.31182861328125
2026-04-17 18:20:00+00:00,422.4100036621094,0.1009105605008194,NORMAL,1.0,5.807042121887207,2.50994873046875,0.169189453125,4.2425537109375,8.39031982421875
2026-04-17 18:21:00+00:00,421.94000244140625,0.1009105605008194,NORMAL,1.0,4.890944957733154,2.52349853515625,1.24737548828125,3.842559814453125,5.393646240234375
2026-04-17 18:22:00+00:00,421.6000061035156,0.1009105605008194,NORMAL,1.0,4.8375396728515625,2.608367919921875,0.9093017578125,3.370758056640625,4.97308349609375
2026-04-17 18:23:00+00:00,421.4150085449219,0.0,NORMAL,1.0,4.834518909454346,2.453826904296875,1.62646484375,2.273345947265625,5.641265869140625
2026-04-17 18:24:00+00:00,421.2950134277344,0.0,NORMAL,1.0,4.207700252532959,2.0233154296875,3.453369140625,1.119781494140625,4.656982421875
2026-04-17 18:25:00+00:00,421.2300109863281,0.0,NORMAL,0.0,4.242891311645508,2.366241455078125,3.623321533203125,1.342315673828125,4.65045166015625
2026-04-17 18:26:00+00:00,421.57000732421875,0.1009105605008194,NORMAL,0.0,4.833930015563965,2.81536865234375,1.574798583984375,2.803680419921875,4.4888916015625
2026-04-17 18:27:00+00:00,421.67999267578125,0.0,NORMAL,1.0,4.2255539894104,1.85443115234375,3.77886962890625,1.058074951171875,5.494110107421875
2026-04-17 18:28:00+00:00,421.5,0.0,NORMAL,1.0,4.976861476898193,2.03900146484375,0.83233642578125,1.886993408203125,6.674591064453125
2026-04-17 18:29:00+00:00,421.1099853515625,0.1009105605008194,NORMAL,1.0,4.679995536804199,2.451751708984375,0.5650634765625,1.73333740234375,4.5904541015625
2026-04-17 18:30:00+00:00,420.92999267578125,0.0,NORMAL,0.0,4.3034749031066895,2.600616455078125,0.206268310546875,1.362274169921875,3.653411865234375
2026-04-17 18:31:00+00:00,421.0799865722656,0.0,NORMAL,0.0,4.424156665802002,2.4202880859375,0.522186279296875,1.73974609375,4.112457275390625
2026-04-17 18:32:00+00:00,421.30999755859375,0.1009105605008194,NORMAL,0.0,4.831465244293213,2.62860107421875,0.34075927734375,2.24267578125,4.739227294921875
2026-04-17 18:33:00+00:00,421.3399963378906,0.0,NORMAL,0.0,4.6150970458984375,2.3905029296875,0.398529052734375,2.7802734375,4.67523193359375
2026-04-17 18:34:00+00:00,421.5899963378906,0.1009105605008194,NORMAL,0.0,5.446300506591797,3.1185302734375,2.5140380859375,2.063934326171875,6.85552978515625
2026-04-17 18:35:00+00:00,421.7799987792969,0.0,NORMAL,0.0,5.321273326873779,2.328948974609375,1.73284912109375,2.63360595703125,7.7086181640625
2026-04-17 18:36:00+00:00,421.8800048828125,0.0,NORMAL,0.0,4.9732890129089355,2.752105712890625,2.412078857421875,2.933868408203125,8.973297119140625
2026-04-17 18:37:00+00:00,422.0450134277344,0.0,NORMAL,0.0,5.058994293212891,2.875213623046875,1.9130859375,3.0802001953125,9.13946533203125
2026-04-17 18:38:00+00:00,422.3599853515625,0.1009105605008194,NORMAL,0.0,6.281304836273193,1.181640625,3.213470458984375,2.948333740234375,10.17425537109375
2026-04-17 18:39:00+00:00,422.45001220703125,0.0,NORMAL,0.0,6.4099040031433105,0.18548583984375,4.638397216796875,3.099090576171875,9.505523681640625
2026-04-17 18:40:00+00:00,422.42999267578125,0.0,NORMAL,1.0,6.6587138175964355,0.175750732421875,4.77435302734375,3.299468994140625,9.90008544921875
2026-04-17 18:41:00+00:00,422.5150146484375,0.0,NORMAL,0.0,6.670811653137207,0.469207763671875,4.587677001953125,3.326141357421875,9.504913330078125
2026-04-17 18:42:00+00:00,422.17999267578125,0.1009105605008194,NORMAL,0.0,6.238222122192383,1.139404296875,2.3262939453125,3.64520263671875,10.02764892578125
2026-04-17 18:43:00+00:00,421.9800109863281,0.0,NORMAL,0.0,5.417871475219727,0.897613525390625,0.842864990234375,4.765655517578125,8.161590576171875
2026-04-17 18:44:00+00:00,421.94000244140625,0.0,NORMAL,1.0,5.89096212387085,2.54931640625,2.66656494140625,5.128082275390625,8.057830810546875
2026-04-17 18:45:00+00:00,421.9599914550781,0.0,NORMAL,1.0,6.2120561599731445,2.855316162109375,3.85150146484375,4.360260009765625,9.1712646484375
2026-04-17 18:46:00+00:00,421.9800109863281,0.0,NORMAL,1.0,6.5004425048828125,1.757720947265625,6.108673095703125,3.391021728515625,8.502593994140625
2026-04-17 18:47:00+00:00,422.0,0.0,NORMAL,0.0,5.758494853973389,2.80450439453125,3.84320068359375,3.77301025390625,8.831451416015625
2026-04-17 18:48:00+00:00,422.0,0.0,NORMAL,1.0,5.6169114112854,2.477752685546875,3.889434814453125,3.5364990234375,8.6959228515625
2026-04-17 18:49:00+00:00,422.0899963378906,0.0,NORMAL,0.0,5.843043327331543,2.852447509765625,4.128631591796875,4.097625732421875,9.084259033203125
2026-04-17 18:50:00+00:00,422.0799865722656,0.0,NORMAL,0.0,6.337956428527832,1.896514892578125,6.39739990234375,3.27716064453125,8.653472900390625
2026-04-17 18:51:00+00:00,421.9100036621094,0.0,NORMAL,0.0,6.005911827087402,0.462860107421875,4.759918212890625,3.2535400390625,9.3143310546875
2026-04-17 18:52:00+00:00,421.9100036621094,0.0,NORMAL,1.0,5.6107869148254395,0.657379150390625,2.905487060546875,2.9415283203125,9.71722412109375
2026-04-17 18:53:00+00:00,421.614990234375,0.1009105605008194,NORMAL,0.0,5.619119644165039,1.05731201171875,2.69384765625,2.548919677734375,9.62744140625
2026-04-17 18:54:00+00:00,421.6400146484375,0.0,NORMAL,1.0,4.4952168464660645,1.205596923828125,0.185546875,3.30584716796875,8.525238037109375
2026-04-17 18:55:00+00:00,421.4599914550781,0.0,NORMAL,0.0,4.359703540802002,1.775726318359375,0.68597412109375,3.0882568359375,8.248992919921875
2026-04-17 18:56:00+00:00,421.760009765625,0.1009105605008194,NORMAL,0.0,4.912735462188721,1.34991455078125,0.06121826171875,3.7689208984375,9.3604736328125
2026-04-17 18:57:00+00:00,421.79998779296875,0.0,NORMAL,0.0,5.091952323913574,2.492095947265625,1.418212890625,3.71002197265625,9.5443115234375
2026-04-17 18:58:00+00:00,421.875,0.0,NORMAL,1.0,5.002260684967041,2.206451416015625,1.49371337890625,3.515106201171875,9.438140869140625
2026-04-17 18:59:00+00:00,421.55999755859375,0.1009105605008194,NORMAL,0.0,4.755336761474609,1.610748291015625,0.1864013671875,2.980682373046875,9.36181640625
2026-04-17 19:00:00+00:00,421.7200012207031,0.0,NORMAL,0.0,4.935397148132324,2.5941162109375,1.3897705078125,3.0787353515625,9.427947998046875
2026-04-17 19:01:00+00:00,421.80999755859375,0.0,NORMAL,1.0,4.618765354156494,1.22503662109375,0.131927490234375,3.4451904296875,9.188720703125
2026-04-17 19:02:00+00:00,421.7449951171875,0.0,NORMAL,0.0,4.449466705322266,1.4844970703125,0.117767333984375,3.26055908203125,8.783966064453125
2026-04-17 19:03:00+00:00,421.760009765625,0.0,NORMAL,1.0,4.279021739959717,1.295684814453125,0.214630126953125,3.193817138671875,8.597900390625
2026-04-17 19:04:00+00:00,421.6199951171875,0.0,NORMAL,1.0,4.340212345123291,1.15008544921875,0.41070556640625,3.54559326171875,8.445648193359375
2026-04-17 19:05:00+00:00,421.5350036621094,0.0,NORMAL,1.0,4.169240951538086,1.451202392578125,0.6873779296875,3.1435546875,8.265777587890625
2026-04-17 19:06:00+00:00,421.5299987792969,0.0,NORMAL,0.0,4.170538425445557,1.278076171875,0.44000244140625,3.21636962890625,8.251129150390625
2026-04-17 19:07:00+00:00,421.54998779296875,0.0,NORMAL,0.0,3.9927196502685547,1.3846435546875,0.55670166015625,2.819549560546875,7.7830810546875
2026-04-17 19:08:00+00:00,421.5899963378906,0.0,NORMAL,0.0,4.125337600708008,1.74334716796875,0.4725341796875,2.965301513671875,8.031646728515625
2026-04-17 19:09:00+00:00,421.9200134277344,0.1009105605008194,NORMAL,1.0,4.270378589630127,1.694854736328125,0.00726318359375,2.648773193359375,8.2779541015625
