anchor_timestamp,actual_next_close,aggregate_next_close,v8_5_next_close,v9_1_next_close,v9_2_next_close,v9_5_next_close
2026-04-17 13:36:00+00:00,424.70001220703125,425.4274597167969,423.68701171875,426.5038146972656,432.82379150390625,424.131591796875
2026-04-17 13:37:00+00:00,425.1399841308594,426.3387451171875,430.4098205566406,428.1796875,431.7712097167969,424.6204833984375
2026-04-17 13:38:00+00:00,425.5250244140625,425.3226318359375,427.3309326171875,425.46923828125,421.53057861328125,425.915771484375
2026-04-17 13:39:00+00:00,425.5199890136719,425.6915588378906,424.28900146484375,425.84771728515625,427.6125793457031,425.4852600097656
2026-04-17 13:40:00+00:00,425.66998291015625,426.0859680175781,423.8807678222656,425.3910827636719,430.22589111328125,425.7304382324219
2026-04-17 13:41:00+00:00,425.23004150390625,425.0665283203125,424.5913391113281,421.2575988769531,424.2288513183594,425.7550964355469
2026-04-17 13:42:00+00:00,426.010009765625,424.87646484375,426.82867431640625,424.5655822753906,423.2308044433594,424.9077453613281
2026-04-17 13:43:00+00:00,425.4700012207031,427.2268371582031,424.1703796386719,426.04229736328125,436.6639709472656,426.0318603515625
2026-04-17 13:44:00+00:00,425.82000732421875,426.8007507324219,426.8948669433594,430.0893249511719,435.3410339355469,424.6708068847656
2026-04-17 13:45:00+00:00,426.0350341796875,425.95904541015625,427.68316650390625,429.2726745605469,423.24066162109375,425.8490905761719
2026-04-17 13:46:00+00:00,424.8000183105469,426.10302734375,427.8641052246094,430.3487854003906,423.0478820800781,425.90240478515625
2026-04-17 13:47:00+00:00,424.2699890136719,424.16015625,423.1144714355469,422.4163513183594,422.6525573730469,424.7635498046875
2026-04-17 13:48:00+00:00,424.87994384765625,423.5814208984375,420.7470397949219,420.1082763671875,427.9993896484375,423.3453369140625
2026-04-17 13:49:00+00:00,425.20001220703125,425.1246643066406,420.5066223144531,424.9625549316406,426.4907531738281,425.6112365722656
2026-04-17 13:50:00+00:00,425.5000305175781,427.05377197265625,427.2134704589844,426.32574462890625,421.4428405761719,428.9393615722656
2026-04-17 13:51:00+00:00,425.9700012207031,427.197265625,426.82525634765625,425.390380859375,421.6438293457031,429.2748107910156
2026-04-17 13:52:00+00:00,425.8100280761719,428.3031005859375,427.0816650390625,425.41522216796875,427.6861877441406,429.7110900878906
2026-04-17 13:53:00+00:00,425.6700134277344,428.3431701660156,427.3235168457031,426.94342041015625,427.3109436035156,429.64129638671875
2026-04-17 13:54:00+00:00,425.48004150390625,428.2447204589844,426.9595642089844,427.23968505859375,427.5144348144531,429.4646301269531
2026-04-17 13:55:00+00:00,425.4200439453125,426.6845397949219,427.388916015625,426.79296875,427.38787841796875,426.7242126464844
2026-04-17 13:56:00+00:00,425.0900573730469,425.7813415527344,422.2138977050781,422.3442687988281,428.44085693359375,426.34332275390625
2026-04-17 13:57:00+00:00,424.9100341796875,425.52294921875,422.2286376953125,422.9643249511719,426.8096008300781,426.2440185546875
2026-04-17 13:58:00+00:00,424.32000732421875,425.3162841796875,421.4990539550781,424.2903137207031,427.4292297363281,425.68408203125
2026-04-17 13:59:00+00:00,424.739990234375,424.2000732421875,420.8252258300781,422.994140625,425.83612060546875,424.4947204589844
2026-04-17 14:00:00+00:00,425.06500244140625,424.5046081542969,421.38458251953125,422.93341064453125,426.4360046386719,424.71673583984375
2026-04-17 14:01:00+00:00,424.760009765625,425.5716552734375,422.09686279296875,423.8055114746094,426.8437805175781,426.221923828125
2026-04-17 14:02:00+00:00,424.6300048828125,424.7099914550781,421.5082092285156,424.61639404296875,428.043701171875,424.4341125488281
2026-04-17 14:03:00+00:00,424.57501220703125,424.55438232421875,421.14227294921875,422.64990234375,427.6036682128906,424.64813232421875
2026-04-17 14:04:00+00:00,424.46002197265625,424.46746826171875,421.5063171386719,422.01971435546875,426.7137756347656,424.75201416015625
2026-04-17 14:05:00+00:00,424.3100280761719,424.3052978515625,421.45245361328125,421.7851257324219,426.6670837402344,424.5448913574219
2026-04-17 14:06:00+00:00,424.4300231933594,424.3663330078125,421.15753173828125,421.0408630371094,427.5768737792969,424.6460266113281
2026-04-17 14:07:00+00:00,423.8450012207031,424.0459899902344,421.4158630371094,421.2064514160156,426.25054931640625,424.27447509765625
2026-04-17 14:08:00+00:00,423.7699890136719,422.9497375488281,421.07794189453125,419.5843811035156,420.26025390625,424.133056640625
2026-04-17 14:09:00+00:00,424.6600036621094,423.02777099609375,421.1298522949219,420.2809753417969,420.10894775390625,424.2144470214844
2026-04-17 14:10:00+00:00,424.6600036621094,424.64996337890625,422.25701904296875,422.119873046875,421.5792541503906,426.1132507324219
2026-04-17 14:11:00+00:00,424.5400085449219,424.419677734375,422.17205810546875,421.90509033203125,420.8861999511719,425.9024963378906
2026-04-17 14:12:00+00:00,424.3800354003906,423.69158935546875,421.10406494140625,422.1474914550781,421.3261413574219,424.6427917480469
2026-04-17 14:13:00+00:00,424.23004150390625,424.0793762207031,421.4213562011719,420.6799621582031,426.4967041015625,424.3718566894531
2026-04-17 14:14:00+00:00,424.6100158691406,423.9532470703125,421.34228515625,420.4203796386719,426.1845703125,424.30841064453125
2026-04-17 14:15:00+00:00,424.88995361328125,424.21478271484375,420.9188232421875,420.9791564941406,426.22186279296875,424.6492004394531
2026-04-17 14:16:00+00:00,424.65997314453125,425.1150817871094,421.2623291015625,421.5613708496094,426.8935546875,425.9052734375
2026-04-17 14:17:00+00:00,424.20001220703125,424.89385986328125,421.3697204589844,421.00445556640625,426.9747619628906,425.6177062988281
2026-04-17 14:18:00+00:00,424.2400207519531,424.44537353515625,420.44329833984375,420.1230773925781,425.88092041015625,425.4613952636719
2026-04-17 14:19:00+00:00,424.6299743652344,424.5940246582031,420.4988098144531,420.1258850097656,426.7410583496094,425.5121154785156
2026-04-17 14:20:00+00:00,425.08001708984375,424.81964111328125,420.62054443359375,420.5998229980469,426.7140808105469,425.7291564941406
2026-04-17 14:21:00+00:00,425.05499267578125,425.1293640136719,420.9138488769531,421.230224609375,426.80474853515625,426.0045166015625
2026-04-17 14:22:00+00:00,424.530029296875,425.8081359863281,426.614990234375,421.075439453125,427.4560546875,426.236328125
2026-04-17 14:23:00+00:00,424.449951171875,424.7198791503906,420.6008605957031,420.3635559082031,426.4334716796875,425.6799011230469
2026-04-17 14:24:00+00:00,424.3900146484375,426.8946838378906,425.9839172363281,420.0132751464844,426.5407409667969,428.83892822265625
2026-04-17 14:25:00+00:00,424.44500732421875,424.610107421875,420.885498046875,420.3293151855469,426.5728759765625,425.44854736328125
2026-04-17 14:26:00+00:00,424.94000244140625,425.23956298828125,426.08624267578125,421.153564453125,426.8622131347656,425.5791931152344
2026-04-17 14:27:00+00:00,425.1099548339844,425.390380859375,420.9321594238281,421.305419921875,427.3955993652344,426.3642272949219
2026-04-17 14:28:00+00:00,425.7699890136719,425.6767578125,421.64239501953125,426.1042785644531,427.4593811035156,425.97418212890625
2026-04-17 14:29:00+00:00,425.8449401855469,425.69207763671875,421.99981689453125,421.7214050292969,427.7936706542969,426.3648986816406
2026-04-17 14:30:00+00:00,426.72998046875,428.6861877441406,427.3291931152344,426.23785400390625,428.8473815917969,430.0057678222656
2026-04-17 14:31:00+00:00,426.8399963378906,430.3687438964844,429.12457275390625,427.31640625,428.8526611328125,432.36749267578125
2026-04-17 14:32:00+00:00,426.7750244140625,429.7125244140625,429.26116943359375,426.75286865234375,428.24334716796875,431.356201171875
2026-04-17 14:33:00+00:00,427.0099792480469,429.4856262207031,427.85137939453125,426.6469421386719,427.91064453125,431.273193359375
2026-04-17 14:34:00+00:00,426.6600341796875,427.2361145019531,428.33636474609375,427.832763671875,427.9752502441406,426.8658447265625
2026-04-17 14:35:00+00:00,426.0699768066406,427.1275329589844,427.53411865234375,426.8453063964844,430.1900329589844,426.528564453125
2026-04-17 14:36:00+00:00,426.4399719238281,426.7807312011719,428.15509033203125,426.864501953125,429.1138916015625,426.2109680175781
2026-04-17 14:37:00+00:00,426.8000183105469,427.2766418457031,426.9530334472656,427.1484375,430.7123718261719,426.78045654296875
2026-04-17 14:38:00+00:00,427.2200012207031,427.4762268066406,427.705322265625,428.2493591308594,430.2638854980469,426.8622741699219
2026-04-17 14:39:00+00:00,427.6400146484375,427.7453308105469,429.6238708496094,429.0611572265625,430.4325256347656,426.77642822265625
2026-04-17 14:40:00+00:00,427.8900146484375,428.3011779785156,429.8929138183594,429.1317138671875,430.99176025390625,427.4870910644531
2026-04-17 14:41:00+00:00,427.8699951171875,428.5947265625,430.62115478515625,428.9197692871094,430.5399169921875,427.97540283203125
2026-04-17 14:42:00+00:00,428.1799621582031,428.3599853515625,430.2966003417969,428.17230224609375,431.0592041015625,427.6011047363281
2026-04-17 14:43:00+00:00,428.1600036621094,428.76226806640625,428.4927978515625,429.2273864746094,431.7567443847656,428.1992492675781
2026-04-17 14:44:00+00:00,428.21002197265625,428.7554626464844,430.9138488769531,428.7342529296875,432.1946105957031,427.794677734375
2026-04-17 14:45:00+00:00,428.27496337890625,428.7629089355469,430.5025329589844,429.2618103027344,431.7250671386719,427.88507080078125
2026-04-17 14:46:00+00:00,428.6699523925781,429.0500183105469,429.01324462890625,429.3638916015625,432.191162109375,428.4929504394531
2026-04-17 14:47:00+00:00,428.20001220703125,429.39697265625,431.0176086425781,429.4486389160156,432.1391906738281,428.7042541503906
2026-04-17 14:48:00+00:00,428.21002197265625,429.12896728515625,428.7914123535156,430.3523864746094,432.0975341796875,428.5598449707031
2026-04-17 14:49:00+00:00,427.9599609375,428.48297119140625,428.6585388183594,429.1004333496094,430.1305236816406,428.0548400878906
2026-04-17 14:50:00+00:00,427.68499755859375,430.67913818359375,430.517822265625,428.56817626953125,428.697998046875,432.22412109375
2026-04-17 14:51:00+00:00,428.01995849609375,430.2604064941406,428.7330627441406,428.25408935546875,428.20513916015625,431.97760009765625
2026-04-17 14:52:00+00:00,428.1499938964844,430.4439392089844,429.4647216796875,428.8537292480469,428.5151672363281,431.9424133300781
2026-04-17 14:53:00+00:00,428.3899841308594,430.81768798828125,429.4548034667969,429.26898193359375,429.8023986816406,432.22418212890625
2026-04-17 14:54:00+00:00,428.6350402832031,431.13189697265625,429.94927978515625,429.4217834472656,429.3558044433594,432.731201171875
2026-04-17 14:55:00+00:00,428.47003173828125,430.47705078125,430.1849060058594,429.7518005371094,423.15472412109375,432.8234558105469
2026-04-17 14:56:00+00:00,428.8900146484375,430.9166259765625,430.0020751953125,424.0137939453125,430.1756286621094,432.9545593261719
2026-04-17 14:57:00+00:00,429.5899963378906,431.47906494140625,429.99176025390625,429.2408447265625,430.6842956542969,432.9385681152344
2026-04-17 14:58:00+00:00,429.97003173828125,431.805908203125,431.13897705078125,423.8620300292969,432.0557556152344,433.6745910644531
2026-04-17 14:59:00+00:00,430.0550231933594,432.4126892089844,431.5014343261719,425.55072021484375,431.4080505371094,434.5035705566406
2026-04-17 15:00:00+00:00,430.2799987792969,432.37939453125,432.05145263671875,425.0792541503906,432.1585693359375,434.2349548339844
2026-04-17 15:01:00+00:00,430.1700134277344,432.8664245605469,431.50360107421875,430.614013671875,431.473388671875,434.4462890625
2026-04-17 15:02:00+00:00,430.6750183105469,432.923828125,432.0790710449219,430.3481750488281,431.8916320800781,434.4359130859375
2026-04-17 15:03:00+00:00,430.3699645996094,431.08697509765625,431.59649658203125,431.2369689941406,434.2577819824219,430.3656005859375
2026-04-17 15:04:00+00:00,429.79498291015625,430.74896240234375,431.6273498535156,431.2087097167969,433.8606262207031,429.9279479980469
2026-04-17 15:05:00+00:00,430.0649719238281,430.26470947265625,430.9367980957031,431.30706787109375,433.2019348144531,429.4506530761719
2026-04-17 15:06:00+00:00,430.469970703125,430.49560546875,432.7228698730469,430.98614501953125,433.38916015625,429.52667236328125
2026-04-17 15:07:00+00:00,430.92999267578125,431.0263366699219,431.09832763671875,431.6471252441406,433.8746643066406,430.41351318359375
2026-04-17 15:08:00+00:00,430.77001953125,431.51702880859375,433.2803039550781,431.5140686035156,434.5557556152344,430.7043762207031
2026-04-17 15:09:00+00:00,431.0849914550781,431.59893798828125,433.75286865234375,431.4306335449219,434.2242126464844,430.9126892089844
2026-04-17 15:10:00+00:00,430.80999755859375,431.62939453125,433.7177734375,431.3851013183594,434.5773010253906,430.813232421875
2026-04-17 15:11:00+00:00,430.8399963378906,431.43603515625,433.7436828613281,431.1080627441406,434.1828308105469,430.66754150390625
2026-04-17 15:12:00+00:00,430.8900146484375,431.3282165527344,432.05059814453125,431.3632507324219,434.48046875,430.6168212890625
2026-04-17 15:13:00+00:00,429.85504150390625,431.1820983886719,432.1331787109375,431.5854187011719,432.91717529296875,430.6526184082031
2026-04-17 15:14:00+00:00,429.8000183105469,432.15740966796875,431.2062683105469,431.9854736328125,430.7668151855469,433.27618408203125
2026-04-17 15:15:00+00:00,430.0499572753906,432.58453369140625,431.6996765136719,429.9851989746094,431.54052734375,434.11749267578125
2026-04-17 15:16:00+00:00,430.30499267578125,432.7613220214844,431.69915771484375,429.3262939453125,432.1029357910156,434.34124755859375
2026-04-17 15:17:00+00:00,430.7699890136719,430.77899169921875,426.1934509277344,431.2599182128906,432.591064453125,431.1210021972656
2026-04-17 15:18:00+00:00,430.7699890136719,430.7065124511719,426.8694763183594,425.2938537597656,432.73382568359375,431.6445007324219
2026-04-17 15:19:00+00:00,430.4499816894531,431.12786865234375,427.0194091796875,426.9501037597656,433.5021057128906,431.95196533203125
2026-04-17 15:20:00+00:00,429.8700256347656,430.746337890625,426.7493896484375,427.23638916015625,432.5483703613281,431.56591796875
2026-04-17 15:21:00+00:00,430.2200012207031,430.0995788574219,426.4482116699219,426.63348388671875,431.7630310058594,430.873046875
2026-04-17 15:22:00+00:00,430.625,430.6128234863281,426.3697509765625,426.283935546875,432.264892578125,431.65704345703125
2026-04-17 15:23:00+00:00,431.1400451660156,430.79815673828125,426.7685852050781,427.5138854980469,432.627197265625,431.5483093261719
2026-04-17 15:24:00+00:00,431.3599853515625,431.1395568847656,427.1033935546875,426.90289306640625,433.309326171875,431.9114685058594
2026-04-17 15:25:00+00:00,431.1699523925781,431.5624694824219,427.78509521484375,427.6336669921875,433.36468505859375,432.3870849609375
2026-04-17 15:26:00+00:00,431.010009765625,431.6150207519531,427.7056884765625,426.99212646484375,433.6398620605469,432.5811767578125
2026-04-17 15:27:00+00:00,430.6100158691406,431.34893798828125,427.4353942871094,427.0199279785156,433.15087890625,432.2931823730469
2026-04-17 15:28:00+00:00,430.8199768066406,430.90484619140625,427.22021484375,426.8362731933594,432.2579345703125,431.86541748046875
2026-04-17 15:29:00+00:00,430.33001708984375,431.11883544921875,427.2723388671875,426.2542724609375,433.35821533203125,432.02337646484375
2026-04-17 15:30:00+00:00,430.1499938964844,431.1658935546875,426.79754638671875,432.73193359375,431.8671569824219,431.6621398925781
2026-04-17 15:31:00+00:00,430.530029296875,430.53173828125,426.56732177734375,425.7585144042969,432.33319091796875,431.5639343261719
2026-04-17 15:32:00+00:00,430.1349792480469,430.5813903808594,426.66241455078125,425.82391357421875,432.621826171875,431.4593200683594
2026-04-17 15:33:00+00:00,430.4250183105469,430.27923583984375,426.07464599609375,426.45306396484375,431.9535217285156,431.1675109863281
2026-04-17 15:34:00+00:00,430.52001953125,431.1960144042969,426.6383056640625,426.8212585449219,433.01751708984375,432.35919189453125
2026-04-17 15:35:00+00:00,430.25,430.8912048339844,426.85552978515625,426.9656066894531,433.0195617675781,431.72564697265625
2026-04-17 15:36:00+00:00,430.2900085449219,429.87530517578125,426.2901611328125,426.57818603515625,432.2017822265625,430.2955017089844
2026-04-17 15:37:00+00:00,430.4700012207031,429.7191467285156,426.9717102050781,426.2290954589844,431.9694519042969,430.00445556640625
2026-04-17 15:38:00+00:00,430.2950439453125,429.91168212890625,426.9375915527344,426.34893798828125,432.39605712890625,430.19244384765625
2026-04-17 15:39:00+00:00,430.1000061035156,430.1761169433594,426.7503967285156,426.5638427734375,432.429931640625,430.7065124511719
2026-04-17 15:40:00+00:00,429.6000061035156,429.1608581542969,426.61224365234375,426.8487243652344,426.3547058105469,430.3012390136719
2026-04-17 15:41:00+00:00,429.2600402832031,428.6023864746094,425.8029479980469,427.341552734375,424.3354187011719,429.9408874511719
2026-04-17 15:42:00+00:00,428.7300109863281,428.97900390625,426.1737365722656,426.9016418457031,425.5178527832031,430.4526062011719
2026-04-17 15:43:00+00:00,428.5000305175781,427.7894287109375,425.2434997558594,426.27423095703125,423.6346130371094,429.11767578125
2026-04-17 15:44:00+00:00,428.41998291015625,427.9375305175781,425.9107971191406,426.6136779785156,425.1279602050781,428.9486999511719
2026-04-17 15:45:00+00:00,428.6650085449219,427.9208679199219,425.35748291015625,426.648193359375,425.31817626953125,428.9761962890625
2026-04-17 15:46:00+00:00,428.2749938964844,428.053955078125,425.6145324707031,426.70965576171875,425.5518798828125,429.04754638671875
2026-04-17 15:47:00+00:00,428.2850036621094,427.4521179199219,425.57110595703125,426.14263916015625,423.6272277832031,428.6022644042969
2026-04-17 15:48:00+00:00,427.7799987792969,427.7350158691406,425.2804260253906,426.2456970214844,425.32476806640625,428.7486877441406
2026-04-17 15:49:00+00:00,427.84002685546875,426.9815368652344,424.76824951171875,426.0414733886719,423.2063903808594,428.12109375
2026-04-17 15:50:00+00:00,427.80999755859375,427.9152526855469,425.2897033691406,425.1412353515625,425.4827880859375,429.32769775390625
2026-04-17 15:51:00+00:00,428.30999755859375,427.66015625,424.7483215332031,425.9318542480469,424.9737854003906,428.9532470703125
2026-04-17 15:52:00+00:00,428.6200256347656,427.8499755859375,424.75042724609375,424.5943908691406,423.6028137207031,429.6829528808594
2026-04-17 15:53:00+00:00,428.5849914550781,428.45477294921875,425.4095764160156,425.8940734863281,425.5877685546875,429.93402099609375
2026-04-17 15:54:00+00:00,428.5849914550781,427.7210998535156,425.0527038574219,426.64544677734375,423.9831848144531,428.9252014160156
2026-04-17 15:55:00+00:00,428.969970703125,427.84912109375,425.5541687011719,426.1666564941406,425.3084716796875,428.84759521484375
2026-04-17 15:56:00+00:00,429.0400085449219,428.0500793457031,425.6458435058594,425.3260192871094,423.934326171875,429.5390930175781
2026-04-17 15:57:00+00:00,428.5,428.92095947265625,425.25311279296875,426.6007080078125,425.6381530761719,430.5674743652344
2026-04-17 15:58:00+00:00,428.48004150390625,427.4881286621094,424.70550537109375,426.6842956542969,423.4254150390625,428.7027893066406
2026-04-17 15:59:00+00:00,428.1800231933594,427.68310546875,425.1242980957031,425.5265197753906,425.4170227050781,428.7151794433594
2026-04-17 16:00:00+00:00,428.0899658203125,427.0056457519531,424.5368347167969,424.7159118652344,423.87957763671875,428.14031982421875
2026-04-17 16:01:00+00:00,428.0899963378906,428.3287353515625,424.591796875,424.6244201660156,429.6105041503906,429.2425231933594
2026-04-17 16:02:00+00:00,428.3549499511719,428.3467102050781,424.3441162109375,424.8170166015625,429.718017578125,429.2587890625
2026-04-17 16:03:00+00:00,428.739990234375,428.6783142089844,424.8272705078125,424.75762939453125,430.1860046386719,429.61383056640625
2026-04-17 16:04:00+00:00,428.7799987792969,428.9624328613281,424.98492431640625,424.89251708984375,430.6796569824219,429.8646240234375
2026-04-17 16:05:00+00:00,428.8349914550781,429.0902404785156,425.0290222167969,424.93896484375,430.9492492675781,430.0089416503906
2026-04-17 16:06:00+00:00,428.6149597167969,429.0741271972656,425.0882568359375,425.1134033203125,430.7391357421875,429.9773864746094
2026-04-17 16:07:00+00:00,428.5499572753906,429.2110900878906,430.3121643066406,424.73046875,429.4808349609375,429.8305969238281
2026-04-17 16:08:00+00:00,428.489990234375,429.2670593261719,430.0824890136719,424.7204284667969,430.192138671875,429.822265625
2026-04-17 16:09:00+00:00,428.1199951171875,428.65020751953125,424.8164978027344,424.6753234863281,429.96881103515625,429.5906982421875
2026-04-17 16:10:00+00:00,428.4150390625,428.2087707519531,424.79022216796875,424.8942565917969,428.3716125488281,429.23114013671875
2026-04-17 16:11:00+00:00,428.4800109863281,428.71075439453125,424.8301696777344,424.5794677734375,429.8697204589844,429.7561950683594
2026-04-17 16:12:00+00:00,428.59002685546875,428.77752685546875,424.9878234863281,425.40576171875,430.53399658203125,429.55474853515625
2026-04-17 16:13:00+00:00,428.30499267578125,428.8281555175781,425.0325012207031,425.4360046386719,430.70355224609375,429.56585693359375
2026-04-17 16:14:00+00:00,428.4599914550781,427.79217529296875,424.86553955078125,424.77166748046875,428.855712890625,428.3224182128906
2026-04-17 16:15:00+00:00,428.219970703125,428.72662353515625,424.8676452636719,424.24542236328125,430.2856750488281,429.72235107421875
2026-04-17 16:16:00+00:00,427.8599853515625,428.61602783203125,424.9255676269531,424.56689453125,429.81890869140625,429.6366882324219
2026-04-17 16:17:00+00:00,427.2249755859375,427.8167724609375,424.35003662109375,424.53741455078125,428.5270690917969,428.6789855957031
2026-04-17 16:18:00+00:00,427.69000244140625,427.09039306640625,423.57122802734375,424.9019775390625,429.22607421875,427.4391174316406
2026-04-17 16:19:00+00:00,427.655029296875,427.0795593261719,423.6534118652344,422.7049255371094,430.1141052246094,427.4136657714844
2026-04-17 16:20:00+00:00,427.52996826171875,427.3244323730469,424.00689697265625,424.4361572265625,429.0954895019531,427.7807312011719
2026-04-17 16:21:00+00:00,427.5450439453125,426.4976501464844,423.74774169921875,424.0821838378906,424.0817565917969,427.5695495605469
2026-04-17 16:22:00+00:00,428.19000244140625,426.5639343261719,424.20556640625,423.994384765625,423.8664855957031,427.6781921386719
2026-04-17 16:23:00+00:00,428.30999755859375,427.50274658203125,424.46484375,424.0819091796875,423.4642639160156,429.24176025390625
2026-04-17 16:24:00+00:00,428.4849853515625,427.3392333984375,424.5031433105469,424.90533447265625,424.4463806152344,428.55401611328125
2026-04-17 16:25:00+00:00,428.489990234375,427.5024108886719,424.7557678222656,424.87005615234375,424.8915100097656,428.66571044921875
2026-04-17 16:26:00+00:00,428.5400085449219,428.1185607910156,424.5408020019531,425.00177001953125,429.95257568359375,428.6244201660156
2026-04-17 16:27:00+00:00,428.5600280761719,428.7462158203125,425.0046691894531,424.63470458984375,430.2296142578125,429.6680908203125
2026-04-17 16:28:00+00:00,428.510009765625,428.72119140625,424.8560791015625,424.61761474609375,429.91168212890625,429.7161865234375
2026-04-17 16:29:00+00:00,428.6050109863281,428.7422790527344,424.94451904296875,424.7733459472656,430.093505859375,429.68841552734375
2026-04-17 16:30:00+00:00,428.7799987792969,428.6639404296875,425.24456787109375,424.30780029296875,429.9548034667969,429.57830810546875
2026-04-17 16:31:00+00:00,428.8599853515625,429.2598876953125,430.426513671875,424.8523864746094,430.4940185546875,429.6039733886719
2026-04-17 16:32:00+00:00,429.125,431.40948486328125,430.3709716796875,425.5488586425781,430.6578674316406,433.3365173339844
2026-04-17 16:33:00+00:00,428.9649963378906,431.91680908203125,430.6463623046875,430.6007995605469,430.5058898925781,433.3982849121094
2026-04-17 16:34:00+00:00,429.0100402832031,431.7240295410156,430.4640808105469,430.5588073730469,429.7674255371094,433.2976989746094
2026-04-17 16:35:00+00:00,428.9100341796875,431.16876220703125,430.7536926269531,431.23211669921875,425.1157531738281,433.205810546875
2026-04-17 16:36:00+00:00,428.8999938964844,431.74151611328125,430.7960510253906,430.6551818847656,430.37213134765625,433.13885498046875
2026-04-17 16:37:00+00:00,428.9800109863281,431.5134582519531,430.6279602050781,430.3358459472656,429.0199890136719,433.1158142089844
2026-04-17 16:38:00+00:00,429.3300476074219,431.1355285644531,430.6019592285156,431.1168212890625,424.6471252441406,433.3031005859375
2026-04-17 16:39:00+00:00,429.3299865722656,432.0194396972656,430.88525390625,431.1070556640625,429.4374694824219,433.6602783203125
2026-04-17 16:40:00+00:00,429.199951171875,431.5095520019531,431.0204162597656,431.50244140625,425.0767517089844,433.6620788574219
2026-04-17 16:41:00+00:00,428.8000183105469,432.0693054199219,430.9361877441406,430.6460876464844,429.99163818359375,433.7210693359375
2026-04-17 16:42:00+00:00,428.8200378417969,431.56146240234375,430.6299133300781,429.9111022949219,429.60772705078125,433.15924072265625
2026-04-17 16:43:00+00:00,428.7599792480469,429.4339904785156,425.10369873046875,430.3833923339844,430.1858215332031,429.9472961425781
2026-04-17 16:44:00+00:00,428.77001953125,429.9595031738281,430.4510192871094,430.522705078125,430.3518371582031,430.0323486328125
2026-04-17 16:45:00+00:00,428.80999755859375,429.23736572265625,425.0428161621094,430.3540344238281,429.83392333984375,429.7001647949219
2026-04-17 16:46:00+00:00,428.6299743652344,429.51495361328125,425.1292419433594,430.5179443359375,430.0553283691406,430.1020202636719
2026-04-17 16:47:00+00:00,428.760009765625,429.28497314453125,425.2502136230469,429.78167724609375,429.9034423828125,429.86444091796875
2026-04-17 16:48:00+00:00,428.3800048828125,429.0648193359375,425.2298583984375,425.36505126953125,430.5602722167969,429.961669921875
2026-04-17 16:49:00+00:00,428.3200378417969,428.40325927734375,424.8928527832031,424.8751525878906,429.5060729980469,429.2379150390625
2026-04-17 16:50:00+00:00,428.3000183105469,427.954833984375,424.5517883300781,424.760986328125,430.01727294921875,428.3946533203125
2026-04-17 16:51:00+00:00,428.22998046875,427.9012451171875,424.86279296875,425.37384033203125,429.8052978515625,428.2098693847656
2026-04-17 16:52:00+00:00,428.18499755859375,427.8919677734375,424.5504455566406,424.59954833984375,430.1843566894531,428.2917785644531
2026-04-17 16:53:00+00:00,428.0599670410156,427.888671875,424.6575622558594,424.7071838378906,429.94244384765625,428.3208312988281
2026-04-17 16:54:00+00:00,427.8799743652344,427.7232666015625,424.7591247558594,424.6001892089844,429.5436096191406,428.1482849121094
2026-04-17 16:55:00+00:00,427.77001953125,427.444091796875,424.1302185058594,424.18109130859375,429.3520812988281,427.8972473144531
2026-04-17 16:56:00+00:00,427.5199890136719,426.73419189453125,424.148193359375,423.95477294921875,424.0612487792969,427.8952331542969
2026-04-17 16:57:00+00:00,427.3299560546875,427.345947265625,424.1360168457031,423.7948913574219,423.2728271484375,429.27886962890625
2026-04-17 16:58:00+00:00,427.2850036621094,427.0649108886719,424.2829895019531,423.58538818359375,423.6208801269531,428.7510070800781
2026-04-17 16:59:00+00:00,427.030029296875,426.61328125,424.83599853515625,424.5130310058594,424.14886474609375,427.5961608886719
2026-04-17 17:00:00+00:00,426.6900329589844,426.08258056640625,424.52215576171875,423.6002197265625,421.99700927734375,427.3901672363281
2026-04-17 17:01:00+00:00,426.7250061035156,425.745361328125,423.9791259765625,423.4010925292969,422.1345520019531,426.95458984375
2026-04-17 17:02:00+00:00,426.84002685546875,426.0167236328125,423.5899353027344,423.2522277832031,423.6501159667969,427.16925048828125
2026-04-17 17:03:00+00:00,427.03497314453125,426.22314453125,423.7047119140625,424.5362548828125,423.6487121582031,427.2967834472656
2026-04-17 17:04:00+00:00,426.6900329589844,426.48577880859375,423.7867126464844,424.9691467285156,423.7685241699219,427.6123352050781
2026-04-17 17:05:00+00:00,426.27996826171875,425.79046630859375,423.96240234375,424.3734436035156,421.5215148925781,427.0306091308594
2026-04-17 17:06:00+00:00,426.52996826171875,425.415283203125,423.3745422363281,423.7086486816406,421.3497314453125,426.6953125
2026-04-17 17:07:00+00:00,426.29998779296875,425.66473388671875,423.5360107421875,423.2418518066406,422.262939453125,426.9150695800781
2026-04-17 17:08:00+00:00,425.5600280761719,425.64630126953125,423.62103271484375,423.9756164550781,422.36138916015625,426.79547119140625
2026-04-17 17:09:00+00:00,426.09002685546875,424.4930419921875,422.21990966796875,422.9815368652344,420.2265625,425.7702331542969
2026-04-17 17:10:00+00:00,425.7799987792969,425.3432312011719,422.3245544433594,422.8801574707031,421.36151123046875,426.9027099609375
2026-04-17 17:11:00+00:00,425.6500244140625,425.0459899902344,422.8693542480469,423.5552062988281,421.8189392089844,426.1556091308594
2026-04-17 17:12:00+00:00,425.57000732421875,425.0169372558594,422.75592041015625,422.9046630859375,421.8411865234375,426.2507629394531
2026-04-17 17:13:00+00:00,425.5600280761719,425.0080261230469,422.7401123046875,422.9178466796875,422.08026123046875,426.2015686035156
2026-04-17 17:14:00+00:00,425.5999755859375,424.84893798828125,422.6109313964844,422.3984680175781,421.77587890625,426.08636474609375
2026-04-17 17:15:00+00:00,425.31500244140625,424.91217041015625,422.65087890625,423.08697509765625,422.0942687988281,426.0044250488281
2026-04-17 17:16:00+00:00,424.95001220703125,424.5575866699219,422.4165954589844,423.1128234863281,421.4477844238281,425.62127685546875
2026-04-17 17:17:00+00:00,424.4300231933594,424.052490234375,422.1889953613281,422.2638244628906,419.82427978515625,425.3464050292969
2026-04-17 17:18:00+00:00,424.8800048828125,423.5337219238281,421.3006591796875,421.61834716796875,419.4562683105469,424.86956787109375
2026-04-17 17:19:00+00:00,424.7599792480469,423.90325927734375,421.5763854980469,421.18414306640625,420.4967956542969,425.2005310058594
2026-04-17 17:20:00+00:00,424.3599853515625,424.0831298828125,421.6166687011719,421.6859436035156,421.9095764160156,425.14923095703125
2026-04-17 17:21:00+00:00,424.4499816894531,423.45965576171875,421.627685546875,420.75726318359375,419.55596923828125,424.813720703125
2026-04-17 17:22:00+00:00,424.4800109863281,423.7998962402344,421.3509216308594,419.8563232421875,421.4690856933594,425.144775390625
2026-04-17 17:23:00+00:00,424.6300048828125,423.73040771484375,421.4278869628906,421.2464294433594,421.0166320800781,424.8895263671875
2026-04-17 17:24:00+00:00,423.79998779296875,423.6395263671875,420.9821472167969,420.37359619140625,420.8331298828125,424.9294738769531
2026-04-17 17:25:00+00:00,423.8699951171875,423.462158203125,420.3116760253906,419.6841125488281,418.35369873046875,425.6152038574219
2026-04-17 17:26:00+00:00,423.6500244140625,423.0347595214844,421.0428771972656,419.63934326171875,420.1510009765625,424.3022766113281
2026-04-17 17:27:00+00:00,423.7099914550781,422.91131591796875,420.6076354980469,420.6412353515625,420.3629455566406,424.00250244140625
2026-04-17 17:28:00+00:00,423.5799865722656,422.8310546875,420.18829345703125,419.4648132324219,419.67816162109375,424.2445373535156
2026-04-17 17:29:00+00:00,423.8399963378906,422.86614990234375,420.3505554199219,420.2684020996094,420.3847961425781,424.0316467285156
2026-04-17 17:30:00+00:00,424.0849914550781,422.8165588378906,420.1922302246094,419.5841369628906,418.7598876953125,424.37591552734375
2026-04-17 17:31:00+00:00,423.9999694824219,423.079833984375,420.52374267578125,420.5238342285156,419.0362548828125,424.5265808105469
2026-04-17 17:32:00+00:00,424.07501220703125,423.205810546875,420.291015625,420.7868347167969,420.1313171386719,424.5202941894531
2026-04-17 17:33:00+00:00,423.8999938964844,423.9947204589844,420.3033447265625,420.337646484375,420.8004455566406,425.8406066894531
2026-04-17 17:34:00+00:00,423.8599853515625,423.67333984375,420.3843078613281,420.6167297363281,420.2076721191406,425.3878173828125
2026-04-17 17:35:00+00:00,423.864990234375,424.24383544921875,420.2479248046875,420.50970458984375,425.47601318359375,425.25299072265625
2026-04-17 17:36:00+00:00,423.97998046875,423.5249938964844,420.16888427734375,420.2730407714844,425.52734375,423.9872741699219
2026-04-17 17:37:00+00:00,424.6299743652344,423.616943359375,420.35479736328125,420.2236022949219,425.9995422363281,423.9924011230469
2026-04-17 17:38:00+00:00,424.5999755859375,424.1537170410156,420.8257751464844,419.7991638183594,427.5588073730469,424.4205627441406
2026-04-17 17:39:00+00:00,424.72998046875,425.01220703125,421.03466796875,421.6757507324219,426.6042175292969,425.8819580078125
2026-04-17 17:40:00+00:00,424.83001708984375,425.3855895996094,421.05047607421875,426.4407043457031,426.8780517578125,425.72381591796875
2026-04-17 17:41:00+00:00,424.6850280761719,425.4696960449219,421.3702697753906,427.18072509765625,426.6805725097656,425.7313537597656
2026-04-17 17:42:00+00:00,424.8300476074219,425.47125244140625,421.1951599121094,426.77972412109375,425.8484802246094,426.05419921875
2026-04-17 17:43:00+00:00,424.7099609375,426.88232421875,426.4585876464844,426.511962890625,421.11846923828125,428.8918151855469
2026-04-17 17:44:00+00:00,424.8499755859375,426.89093017578125,426.1639099121094,426.7101135253906,420.5169982910156,429.0936279296875
2026-04-17 17:45:00+00:00,424.96502685546875,427.0476989746094,426.6964111328125,427.1365661621094,421.14483642578125,429.04693603515625
2026-04-17 17:46:00+00:00,425.15997314453125,427.1590576171875,426.6059265136719,427.3905944824219,421.3105773925781,429.1538391113281
2026-04-17 17:47:00+00:00,425.1300354003906,427.9339904785156,426.71282958984375,427.3396301269531,426.0579528808594,429.3993835449219
2026-04-17 17:48:00+00:00,425.0150146484375,427.9504089355469,426.63250732421875,427.06072998046875,426.0765075683594,429.48822021484375
2026-04-17 17:49:00+00:00,424.70001220703125,427.84588623046875,426.4534606933594,427.0421142578125,426.0581359863281,429.3648681640625
2026-04-17 17:50:00+00:00,424.7200622558594,426.68310546875,426.3594970703125,425.8479919433594,419.63018798828125,429.02740478515625
2026-04-17 17:51:00+00:00,424.7850036621094,427.6309814453125,426.36492919921875,426.4604187011719,426.4202880859375,429.0755615234375
2026-04-17 17:52:00+00:00,424.780029296875,427.7286071777344,426.35272216796875,427.0697937011719,426.0531005859375,429.2275085449219
2026-04-17 17:53:00+00:00,424.9349365234375,427.5809631347656,426.28363037109375,427.16595458984375,425.6688537597656,429.0461120605469
2026-04-17 17:54:00+00:00,424.8299560546875,427.8487243652344,426.5359802246094,427.055908203125,426.5816345214844,429.2561340332031
2026-04-17 17:55:00+00:00,424.8199768066406,425.34222412109375,426.32989501953125,420.9260559082031,425.9172058105469,425.8760681152344
2026-04-17 17:56:00+00:00,424.8050231933594,424.9987487792969,421.03839111328125,420.8270263671875,426.5357360839844,425.9437255859375
2026-04-17 17:57:00+00:00,424.79498291015625,424.9604187011719,421.01544189453125,421.06768798828125,425.960205078125,425.97772216796875
2026-04-17 17:58:00+00:00,424.55999755859375,424.9429626464844,421.16314697265625,421.4131164550781,425.8011169433594,425.9096374511719
2026-04-17 17:59:00+00:00,424.5550231933594,424.8231201171875,421.2604675292969,420.5685119628906,425.5837707519531,425.92169189453125
2026-04-17 18:00:00+00:00,424.5,424.1524658203125,420.6442565917969,421.0907287597656,426.02398681640625,424.62200927734375
2026-04-17 18:01:00+00:00,424.6999816894531,424.2206726074219,420.3201904296875,420.9276428222656,426.5941162109375,424.7038269042969
2026-04-17 18:02:00+00:00,424.4800109863281,424.9064025878906,420.77056884765625,421.4468078613281,426.0021057128906,425.8781433105469
2026-04-17 18:03:00+00:00,424.01995849609375,424.13104248046875,420.6064758300781,420.7240905761719,425.8476257324219,424.70654296875
2026-04-17 18:04:00+00:00,424.2300109863281,423.6656799316406,420.0726318359375,419.9562683105469,425.6019592285156,424.2461242675781
2026-04-17 18:05:00+00:00,423.9999694824219,423.7872314453125,420.2447509765625,420.5379638671875,425.82904052734375,424.2406921386719
2026-04-17 18:06:00+00:00,424.3699951171875,423.70184326171875,420.23577880859375,420.2143859863281,425.31573486328125,424.3182678222656
2026-04-17 18:07:00+00:00,423.969970703125,423.8759765625,420.07940673828125,420.71600341796875,425.9411926269531,424.3354797363281
2026-04-17 18:08:00+00:00,423.7200012207031,423.6507263183594,419.4789123535156,421.1741943359375,425.8313293457031,424.0837097167969
2026-04-17 18:09:00+00:00,423.68499755859375,422.5525817871094,419.8528747558594,419.7793884277344,419.21881103515625,423.846923828125
2026-04-17 18:10:00+00:00,423.6549987792969,422.6597595214844,419.7386474609375,420.5755310058594,419.42877197265625,423.8970642089844
2026-04-17 18:11:00+00:00,423.6499938964844,423.3729248046875,419.868408203125,420.2518615722656,419.8877868652344,425.1199035644531
2026-04-17 18:12:00+00:00,423.7000427246094,423.3630676269531,419.4491271972656,420.173095703125,419.61895751953125,425.2421569824219
2026-04-17 18:13:00+00:00,423.2449951171875,423.55389404296875,419.60589599609375,419.9571838378906,419.9504089355469,425.50653076171875
2026-04-17 18:14:00+00:00,423.03997802734375,422.7637023925781,419.29974365234375,419.3625183105469,417.8427734375,424.8248291015625
2026-04-17 18:15:00+00:00,423.29498291015625,422.7744140625,419.0614929199219,419.2850341796875,419.0347900390625,424.67333984375
2026-04-17 18:16:00+00:00,423.0350341796875,422.9078063964844,419.2935485839844,419.8844909667969,418.1903076171875,424.9125671386719
2026-04-17 18:17:00+00:00,422.8600158691406,422.0798034667969,419.2290344238281,419.4888916015625,418.8340148925781,423.4067077636719
2026-04-17 18:18:00+00:00,422.76995849609375,421.97564697265625,418.9708557128906,418.81103515625,418.9113464355469,423.391845703125
2026-04-17 18:19:00+00:00,422.40997314453125,421.848876953125,418.68780517578125,418.9898376464844,418.8509521484375,423.21685791015625
2026-04-17 18:20:00+00:00,421.94000244140625,421.1170654296875,418.42022705078125,418.5493469238281,416.9443359375,422.5389099121094
2026-04-17 18:21:00+00:00,421.5999755859375,420.8782653808594,418.397216796875,417.8311462402344,416.21746826171875,422.5160827636719
2026-04-17 18:22:00+00:00,421.4150085449219,420.4581298828125,418.4017333984375,417.5982971191406,416.1252746582031,421.90435791015625
2026-04-17 18:23:00+00:00,421.2950134277344,420.4678649902344,417.277587890625,417.6462707519531,417.61419677734375,421.7941589355469
2026-04-17 18:24:00+00:00,421.2300109863281,421.0272216796875,418.32537841796875,417.17413330078125,417.3825988769531,422.8040466308594
2026-04-17 18:25:00+00:00,421.5699768066406,421.11663818359375,418.1977844238281,417.0555419921875,417.30474853515625,423.0393981933594
2026-04-17 18:26:00+00:00,421.6800231933594,420.58074951171875,418.2128601074219,417.6961669921875,416.103515625,422.1534729003906
2026-04-17 18:27:00+00:00,421.5,421.39190673828125,418.49517822265625,418.1726989746094,417.496337890625,423.1535949707031
2026-04-17 18:28:00+00:00,421.1099853515625,420.6036071777344,417.44500732421875,418.24530029296875,417.6023254394531,421.901611328125
2026-04-17 18:29:00+00:00,420.9299621582031,420.2793273925781,417.5904235839844,417.3091125488281,415.6145324707031,422.0009765625
2026-04-17 18:30:00+00:00,421.0799865722656,420.06878662109375,417.7046813964844,416.8799743652344,416.99664306640625,421.3982238769531
2026-04-17 18:31:00+00:00,421.30999755859375,420.3699951171875,417.873779296875,417.5433349609375,417.58856201171875,421.6379699707031
2026-04-17 18:32:00+00:00,421.34002685546875,420.3393249511719,418.2120361328125,417.6082458496094,415.94879150390625,421.83648681640625
2026-04-17 18:33:00+00:00,421.5899658203125,420.6537170410156,417.9854431152344,417.79949951171875,418.32806396484375,421.8537292480469
2026-04-17 18:34:00+00:00,421.780029296875,420.4950866699219,417.73016357421875,417.5246887207031,415.8511047363281,422.15191650390625
2026-04-17 18:35:00+00:00,421.8800048828125,421.4224548339844,417.7937316894531,418.08154296875,417.7774658203125,423.23876953125
2026-04-17 18:36:00+00:00,422.0450134277344,420.79608154296875,417.81329345703125,418.3455810546875,418.0696105957031,421.96685791015625
2026-04-17 18:37:00+00:00,422.3599548339844,420.9884948730469,417.980224609375,418.695068359375,418.0038146972656,422.20611572265625
2026-04-17 18:38:00+00:00,422.449951171875,422.65362548828125,418.2528381347656,419.041748046875,423.7867736816406,423.7045593261719
2026-04-17 18:39:00+00:00,422.4300231933594,423.2408142089844,424.0130920410156,418.8753967285156,424.4173889160156,423.73681640625
2026-04-17 18:40:00+00:00,422.5149841308594,423.3634033203125,423.6508483886719,418.7606506347656,425.12542724609375,423.87408447265625
2026-04-17 18:41:00+00:00,422.1800231933594,423.321044921875,423.8955078125,418.97650146484375,424.3538818359375,423.881591796875
2026-04-17 18:42:00+00:00,421.97998046875,424.7609558105469,423.6957702636719,417.694580078125,424.02923583984375,426.8815612792969
2026-04-17 18:43:00+00:00,421.9400329589844,424.5390930175781,423.5362243652344,417.5223693847656,423.19635009765625,426.7774963378906
2026-04-17 18:44:00+00:00,421.96002197265625,425.0163269042969,423.7729187011719,423.7557373046875,422.93829345703125,426.71630859375
2026-04-17 18:45:00+00:00,421.9800109863281,425.2229919433594,423.6796569824219,424.3809509277344,423.6131591796875,426.84735107421875
2026-04-17 18:46:00+00:00,422.0000305175781,423.3222351074219,423.4286193847656,424.20098876953125,424.15118408203125,423.34381103515625
2026-04-17 18:47:00+00:00,422.0,425.21478271484375,423.6282043457031,424.1878662109375,423.8360900878906,426.8078308105469
2026-04-17 18:48:00+00:00,422.0899963378906,425.0102844238281,423.5008850097656,423.6769104003906,423.9405517578125,426.51177978515625
2026-04-17 18:49:00+00:00,422.0799865722656,425.3800354003906,423.7069396972656,424.04547119140625,424.3072204589844,426.98358154296875
2026-04-17 18:50:00+00:00,421.90997314453125,423.3118591308594,423.8409423828125,424.34210205078125,423.8528137207031,423.2816162109375
2026-04-17 18:51:00+00:00,421.9100036621094,422.6814270019531,417.8981018066406,424.1817932128906,423.4917907714844,423.208984375
2026-04-17 18:52:00+00:00,421.614990234375,422.3622741699219,417.6846618652344,418.1233215332031,424.6814270019531,423.3216552734375
2026-04-17 18:53:00+00:00,421.6400146484375,421.93585205078125,417.1175231933594,418.4332275390625,423.6554260253906,422.9062805175781
2026-04-17 18:54:00+00:00,421.4600524902344,421.31060791015625,417.61761474609375,418.1117858886719,423.73388671875,421.7222595214844
2026-04-17 18:55:00+00:00,421.7599792480469,421.19305419921875,417.63714599609375,417.2750244140625,423.4606628417969,421.74713134765625
2026-04-17 18:56:00+00:00,421.79998779296875,421.5457763671875,417.6815185546875,418.4156494140625,423.69805908203125,422.0670166015625
2026-04-17 18:57:00+00:00,421.875,420.82293701171875,418.0955810546875,418.39398193359375,418.14129638671875,421.96978759765625
2026-04-17 18:58:00+00:00,421.5600280761719,420.823486328125,417.88348388671875,418.49481201171875,418.06646728515625,421.9848327636719
2026-04-17 18:59:00+00:00,421.7200012207031,421.1662292480469,417.90899658203125,417.7584533691406,423.4144592285156,421.5658874511719
2026-04-17 19:00:00+00:00,421.80999755859375,420.6091613769531,417.749267578125,418.7300720214844,417.6018981933594,421.7306213378906
2026-04-17 19:01:00+00:00,421.7449951171875,421.5104064941406,417.7498474121094,418.791748046875,423.68310546875,421.92449951171875
2026-04-17 19:02:00+00:00,421.7600402832031,421.3551940917969,417.67291259765625,418.2374267578125,423.4844970703125,421.8041687011719
2026-04-17 19:03:00+00:00,421.6200256347656,421.44329833984375,417.7169189453125,418.22430419921875,423.4559631347656,421.96136474609375
2026-04-17 19:04:00+00:00,421.53497314453125,421.36627197265625,417.97698974609375,418.5940856933594,423.18603515625,421.8254089355469
2026-04-17 19:05:00+00:00,421.530029296875,421.1219482421875,417.4583740234375,418.2251892089844,423.142822265625,421.552734375
2026-04-17 19:06:00+00:00,421.54998779296875,421.3318786621094,417.3487854003906,418.23138427734375,423.8517150878906,421.786376953125
2026-04-17 19:07:00+00:00,421.59002685546875,421.19903564453125,417.7577209472656,418.3901672363281,423.11846923828125,421.622314453125
2026-04-17 19:08:00+00:00,421.91998291015625,421.2344970703125,417.5475769042969,418.149658203125,423.4583740234375,421.6665954589844
2026-04-17 19:09:00+00:00,421.9049987792969,421.33062744140625,417.94097900390625,418.1768798828125,422.95501708984375,421.802490234375
